"";"2021-01-22"
"1";"D53513"
"2";"D53546"
"3";"D53588"
"4";"D53589"
"5";"D53590"
"6";"D53605"
"7";"D53622"
"8";"D53644"
"9";"D53645"
"10";"D53691"
"11";"A63527"
"12";"B63028"
"13";"B28709"
"14";"B28729"
"15";"B51526"
"16";"B51547"
"17";"B25501"
"18";"B25508"
"19";"B25531"
"20";"B25545"
"21";"B25803"
"22";"A71509"
"23";"A71623"
"24";"B31028"
"25";"B31086"
"26";"B31125"
"27";"C47854"
"28";"A27636"
"29";"B10508"
"30";"B10544"
"31";"B10561"
"32";"A29016"
"33";"A29107"
"34";"A29150"
"35";"A29155"
"36";"B42644"
"37";"C42637"
"38";"D53505"
"39";"D53507"
"40";"D53508"
"41";"D53525"
"42";"D53537"
"43";"D53557"
"44";"D53562"
"45";"D53563"
"46";"D53565"
"47";"D53572"
"48";"D53580"
"49";"D53582"
"50";"D53613"
"51";"D53614"
"52";"D53619"
"53";"D53627"
"54";"D53678"
"55";"D53680"
"56";"D53745"
"57";"D53746"
"58";"D53749"
"59";"D53753"
"60";"B63031"
"61";"B27003"
"62";"B27100"
"63";"B27190"
"64";"C27072"
"65";"C27115"
"66";"C27186"
"67";"D86008"
"68";"D86018"
"69";"D86071"
"70";"D86080"
"71";"D86121"
"72";"D86123"
"73";"D86152"
"74";"D86167"
"75";"D86181"
"76";"D86217"
"77";"D86278"
"78";"D86405"
"79";"D86409"
"80";"D86709"
"81";"B28513"
"82";"B28516"
"83";"B28539"
"84";"B28553"
"85";"B28562"
"86";"B28619"
"87";"B58160"
"88";"B51587"
"89";"D17035"
"90";"D17045"
"91";"D17078"
"92";"D17085"
"93";"D17092"
"94";"D17104"
"95";"D17106"
"96";"D17107"
"97";"D17118"
"98";"D87019"
"99";"D87023"
"100";"D87031"
"101";"D87076"
"102";"D87080"
"103";"D87084"
"104";"D87320"
"105";"D87362"
"106";"D87703"
"107";"D87858"
"108";"B32502"
"109";"B32509"
"110";"B32539"
"111";"B32544"
"112";"B32555"
"113";"B32580"
"114";"B32584"
"115";"B32586"
"116";"B32603"
"117";"B32657"
"118";"B32696"
"119";"B32699"
"120";"B32732"
"121";"B32779"
"122";"B32785"
"123";"C12028"
"124";"C12047"
"125";"C41891"
"126";"D12170"
"127";"D12174"
"128";"B44565"
"129";"B44572"
"130";"B44626"
"131";"B44651"
"132";"B44670"
"133";"C44517"
"134";"C44526"
"135";"C44549"
"136";"C44550"
"137";"C44573"
"138";"C44574"
"139";"C44624"
"140";"C44681"
"141";"B31122"
"142";"B31155"
"143";"13020"
"144";"13383"
"145";"13391"
"146";"13500"
"147";"13501"
"148";"A47462"
"149";"A47485"
"150";"A47636"
"151";"C13001"
"152";"C13002"
"153";"C13003"
"154";"C13004"
"155";"C13007"
"156";"C13011"
"157";"C13012"
"158";"C13016"
"159";"C13040"
"160";"C13042"
"161";"C13046"
"162";"C13051"
"163";"C13053"
"164";"C13055"
"165";"C13061"
"166";"C13067"
"167";"C13068"
"168";"C13083"
"169";"C13100"
"170";"C13108"
"171";"C13115"
"172";"C13127"
"173";"C13139"
"174";"C13159"
"175";"C13161"
"176";"C30011"
"177";"C30025"
"178";"C30031"
"179";"C30037"
"180";"C30054"
"181";"C30060"
"182";"C30063"
"183";"C30077"
"184";"C30095"
"185";"C30139"
"186";"C30146"
"187";"C30160"
"188";"C30162"
"189";"C30168"
"190";"C30191"
"191";"C30214"
"192";"C30226"
"193";"C30231"
"194";"C30247"
"195";"C30250"
"196";"C30260"
"197";"C30262"
"198";"C30278"
"199";"C30280"
"200";"C30288"
"201";"C30320"
"202";"C30324"
"203";"C47464"
"204";"C47479"
"205";"C47481"
"206";"C47484"
"207";"C47500"
"208";"C47503"
"209";"C47507"
"210";"C47510"
"211";"C47511"
"212";"C47522"
"213";"C47536"
"214";"C47538"
"215";"C47540"
"216";"C47546"
"217";"C47560"
"218";"C47566"
"219";"C47568"
"220";"C47597"
"221";"C47606"
"222";"C47608"
"223";"C47614"
"224";"C47615"
"225";"C47621"
"226";"C47646"
"227";"C47648"
"228";"C47651"
"229";"C47666"
"230";"C47686"
"231";"C47695"
"232";"C47696"
"233";"C47702"
"234";"C47704"
"235";"C47713"
"236";"C47722"
"237";"C47730"
"238";"C47733"
"239";"C47735"
"240";"C47749"
"241";"C47761"
"242";"C47773"
"243";"C47810"
"244";"C47822"
"245";"C47842"
"246";"C47850"
"247";"C47851"
"248";"C47859"
"249";"C47872"
"250";"C47883"
"251";"C47900"
"252";"C47942"
"253";"C47958"
"254";"C47964"
"255";"C47995"
"256";"D13019"
"257";"D13021"
"258";"D13069"
"259";"D13078"
"260";"D13092"
"261";"D13107"
"262";"D13118"
"263";"D13119"
"264";"D13169"
"265";"D13174"
"266";"D13178"
"267";"D13193"
"268";"D13197"
"269";"D13213"
"270";"D13232"
"271";"D13251"
"272";"D13261"
"273";"D13269"
"274";"D13274"
"275";"D13297"
"276";"D13305"
"277";"D13313"
"278";"D13319"
"279";"D13329"
"280";"D13333"
"281";"D13336"
"282";"D13337"
"283";"D13338"
"284";"D13347"
"285";"D13348"
"286";"D13365"
"287";"D13371"
"288";"D13376"
"289";"D13387"
"290";"D13395"
"291";"D13397"
"292";"D13398"
"293";"D13503"
"294";"D13504"
"295";"A27565"
"296";"A27642"
"297";"A27651"
"298";"D53617"
"299";"B28506"
"300";"B31103"
"301";"C13031"
"302";"C30355"
"303";"C47738"
"304";"C47745"
"305";"C47840"
"306";"C47869"
"307";"B11577"
"308";"A29064"
"309";"B42645"
"310";"C42598"
"311";"B44659"
"312";"B31003"
"313";"B31009"
"314";"B31014"
"315";"C13128"
"316";"C47483"
"317";"C47598"
"318";"C47600"
"319";"C47769"
"320";"C47861"
"321";"C47889"
"322";"B11539"
"323";"A29094"
"324";"B42531"
"325";"B27008"
"326";"B32758"
"327";"C13103"
"328";"C30213"
"329";"C47802"
"330";"D13187"
"331";"B11531"
"332";"B28504"
"333";"B28599"
"334";"B51630"
"335";"B25562"
"336";"B31091"
"337";"C30181"
"338";"D13025"
"339";"D13258"
"340";"B42529"
"341";"C47741"
"342";"C47800"
"343";"D13085"
"344";"D13154"
"345";"D13186"
"346";"D13215"
"347";"B51573"
"348";"B31024"
"349";"B31043"
"350";"C13145"
"351";"C30071"
"352";"C47791"
"353";"D13288"
"354";"B27014"
"355";"D13208"
"356";"A27660"
"357";"C42508"
"358";"C30229"
"359";"C47623"
"360";"C47813"
"361";"D13015"
"362";"B25574"
"363";"C13039"
"364";"C30022"
"365";"C30057"
"366";"B11548"
"367";"A29168"
"368";"C30289"
"369";"C30295"
"370";"C30301"
"371";"B11550"
"372";"B25605"
"373";"D12103"
"374";"C13152"
"375";"B42632"
"376";"B32519"
"377";"B32812"
"378";"C47584"
"379";"B11530"
"380";"B32530"
"381";"C30271"
"382";"C30257"
"383";"C47747"
"384";"B32825"
"385";"B32811"
"386";"C12040"
"387";"B44695"
"388";"C30261"
"389";"C30137"
"390";"C30259"
"391";"B28542"
"392";"B32628"
"393";"C47790"
"394";"B11537"
"395";"D53673"
"396";"C47803"
"397";"C47572"
"398";"D53597"
"399";"D53536"
"400";"B28555"
"401";"B28615"
"402";"C44615"
"403";"C30307"
"404";"B11533"
"405";"A29017"
"406";"C27112"
"407";"C27195"
"408";"B58113"
"409";"B25539"
"410";"B25569"
"411";"B32600"
"412";"B32618"
"413";"A41073"
"414";"A41215"
"415";"A41441"
"416";"C41155"
"417";"C41364"
"418";"C13048"
"419";"C30001"
"420";"C30102"
"421";"C30352"
"422";"C47531"
"423";"D13089"
"424";"D13153"
"425";"D13239"
"426";"D13250"
"427";"B11609"
"428";"C27041"
"429";"B32599"
"430";"B32799"
"431";"B32813"
"432";"C12022"
"433";"B31162"
"434";"D13102"
"435";"D13146"
"436";"D13219"
"437";"B11621"
"438";"D53521"
"439";"D86792"
"440";"B28556"
"441";"B32547"
"442";"B32753"
"443";"B32789"
"444";"C12030"
"445";"A41150"
"446";"A41437"
"447";"C41161"
"448";"C41355"
"449";"C41374"
"450";"D13182"
"451";"D13262"
"452";"B28583"
"453";"B28743"
"454";"D17048"
"455";"B32637"
"456";"B32751"
"457";"B32791"
"458";"C12031"
"459";"C12046"
"460";"D12141"
"461";"B31001"
"462";"C47463"
"463";"C47748"
"464";"D13122"
"465";"D13267"
"466";"D13296"
"467";"D13384"
"468";"D53716"
"469";"D86200"
"470";"D86398"
"471";"B32560"
"472";"B32564"
"473";"B32727"
"474";"B32752"
"475";"C12045"
"476";"D12156"
"477";"D12157"
"478";"A41291"
"479";"C13045"
"480";"C47467"
"481";"C47634"
"482";"D13318"
"483";"D13339"
"484";"D13373"
"485";"B11618"
"486";"B42608"
"487";"D53579"
"488";"D53646"
"489";"B32538"
"490";"D12168"
"491";"A41047"
"492";"A41322"
"493";"A41440"
"494";"C41054"
"495";"C41332"
"496";"C41349"
"497";"C13135"
"498";"C47654"
"499";"C47841"
"500";"D13034"
"501";"D13199"
"502";"D13332"
"503";"B27137"
"504";"B28607"
"505";"B32655"
"506";"D12107"
"507";"B31137"
"508";"A41289"
"509";"C47676"
"510";"C47737"
"511";"D13104"
"512";"D13181"
"513";"A27544"
"514";"B11516"
"515";"D53618"
"516";"D53720"
"517";"B27065"
"518";"D86146"
"519";"B28508"
"520";"B28541"
"521";"B25523"
"522";"B32516"
"523";"B32706"
"524";"B32807"
"525";"A41186"
"526";"C41339"
"527";"C13093"
"528";"C30212"
"529";"C47563"
"530";"C47601"
"531";"C47886"
"532";"D13088"
"533";"D13191"
"534";"D13214"
"535";"D13229"
"536";"D13270"
"537";"D13282"
"538";"D13311"
"539";"B11505"
"540";"B11511"
"541";"B11579"
"542";"B11674"
"543";"D53653"
"544";"D53683"
"545";"D53729"
"546";"B63008"
"547";"B27001"
"548";"B27129"
"549";"D86012"
"550";"D86195"
"551";"D86219"
"552";"D86408"
"553";"D86758"
"554";"B51515"
"555";"B51520"
"556";"B51521"
"557";"C51510"
"558";"B25541"
"559";"D87753"
"560";"D87860"
"561";"B32765"
"562";"B32797"
"563";"D12142"
"564";"A41100"
"565";"A41187"
"566";"A41444"
"567";"C41305"
"568";"C47514"
"569";"C47788"
"570";"D13017"
"571";"B11590"
"572";"A29006"
"573";"D53615"
"574";"D53668"
"575";"D53923"
"576";"D53928"
"577";"B63041"
"578";"B63102"
"579";"C27197"
"580";"D86108"
"581";"D86210"
"582";"D86336"
"583";"D86700"
"584";"D86733"
"585";"B51507"
"586";"B51511"
"587";"B51586"
"588";"C51509"
"589";"C51561"
"590";"C51575"
"591";"B25502"
"592";"B25572"
"593";"D17007"
"594";"D17071"
"595";"D87831"
"596";"B32517"
"597";"B32798"
"598";"D12169"
"599";"B31114"
"600";"A41245"
"601";"C41119"
"602";"C47528"
"603";"C47764"
"604";"D13216"
"605";"B11617"
"606";"A29060"
"607";"D53541"
"608";"D53620"
"609";"D53924"
"610";"B63036"
"611";"B63080"
"612";"B63104"
"613";"B27042"
"614";"B27047"
"615";"C27118"
"616";"D86186"
"617";"D86410"
"618";"B51505"
"619";"B51513"
"620";"B51523"
"621";"B51618"
"622";"B25603"
"623";"D17157"
"624";"D87724"
"625";"D87885"
"626";"B32581"
"627";"B32707"
"628";"B32716"
"629";"B32718"
"630";"B32747"
"631";"B32790"
"632";"B32843"
"633";"C12021"
"634";"D12164"
"635";"B31120"
"636";"A41033"
"637";"A41204"
"638";"C41361"
"639";"C41392"
"640";"C13071"
"641";"C47645"
"642";"C47765"
"643";"D13099"
"644";"D13129"
"645";"D13147"
"646";"D13194"
"647";"A27683"
"648";"B11528"
"649";"B11561"
"650";"B11584"
"651";"A50080"
"652";"A48034"
"653";"A48138"
"654";"D53510"
"655";"D53545"
"656";"D53670"
"657";"B27071"
"658";"B27099"
"659";"B27113"
"660";"C27057"
"661";"D86073"
"662";"D86175"
"663";"D86275"
"664";"D86790"
"665";"B28534"
"666";"B28588"
"667";"B58048"
"668";"B25503"
"669";"B25522"
"670";"B25543"
"671";"D87710"
"672";"D87830"
"673";"B32556"
"674";"B32565"
"675";"B32572"
"676";"B32583"
"677";"B32589"
"678";"B32596"
"679";"B32777"
"680";"C12048"
"681";"B44584"
"682";"A41014"
"683";"A41074"
"684";"A41295"
"685";"A41443"
"686";"C13059"
"687";"C13137"
"688";"C47582"
"689";"C47786"
"690";"D13054"
"691";"D13121"
"692";"D13171"
"693";"D13179"
"694";"D13264"
"695";"D13265"
"696";"D13303"
"697";"D13315"
"698";"A27615"
"699";"B11587"
"700";"B11592"
"701";"B11611"
"702";"B11612"
"703";"B10004"
"704";"B10006"
"705";"B10028"
"706";"B10048"
"707";"B10075"
"708";"B10083"
"709";"B10086"
"710";"B10090"
"711";"B10102"
"712";"B10106"
"713";"B10116"
"714";"B10117"
"715";"B10121"
"716";"B10129"
"717";"B10142"
"718";"B10146"
"719";"B10195"
"720";"A50011"
"721";"A50019"
"722";"A29051"
"723";"A29061"
"724";"A29186"
"725";"A48007"
"726";"A48017"
"727";"A48022"
"728";"A48028"
"729";"A48040"
"730";"A48044"
"731";"A48066"
"732";"A48074"
"733";"A48099"
"734";"A48103"
"735";"A48145"
"736";"D53585"
"737";"D53602"
"738";"B63049"
"739";"B63060"
"740";"B27051"
"741";"C27117"
"742";"D86134"
"743";"D86277"
"744";"D86279"
"745";"D86323"
"746";"D86707"
"747";"D86780"
"748";"B28538"
"749";"B28568"
"750";"B28573"
"751";"B58117"
"752";"B25582"
"753";"D87709"
"754";"D87886"
"755";"B32514"
"756";"B32595"
"757";"B32604"
"758";"B32652"
"759";"B32661"
"760";"B32708"
"761";"B32754"
"762";"B32810"
"763";"B32830"
"764";"D12143"
"765";"D12158"
"766";"B31005"
"767";"B31012"
"768";"B31130"
"769";"A41015"
"770";"A41077"
"771";"A41147"
"772";"A41218"
"773";"A41436"
"774";"C41160"
"775";"C41202"
"776";"C41380"
"777";"C30021"
"778";"C30172"
"779";"C47473"
"780";"C47482"
"781";"C47509"
"782";"C47684"
"783";"C47725"
"784";"C47752"
"785";"C47890"
"786";"D13097"
"787";"D13243"
"788";"D13259"
"789";"D13372"
"790";"A27663"
"791";"B11552"
"792";"B11576"
"793";"B11701"
"794";"B71156"
"795";"B10049"
"796";"B10061"
"797";"B10085"
"798";"B10148"
"799";"C50032"
"800";"C50033"
"801";"A72097"
"802";"A72138"
"803";"A29034"
"804";"A29171"
"805";"A48039"
"806";"A48072"
"807";"A48075"
"808";"D53556"
"809";"D86055"
"810";"D86397"
"811";"B28559"
"812";"B51554"
"813";"B51598"
"814";"C51558"
"815";"A71561"
"816";"D17066"
"817";"D87713"
"818";"D87887"
"819";"B32654"
"820";"B32656"
"821";"B32720"
"822";"B32833"
"823";"C12023"
"824";"D12109"
"825";"B31020"
"826";"B31037"
"827";"B31056"
"828";"A41018"
"829";"A41099"
"830";"A41142"
"831";"A41180"
"832";"A41225"
"833";"A41238"
"834";"C41252"
"835";"C13047"
"836";"C47754"
"837";"C47879"
"838";"D13022"
"839";"D13117"
"840";"D13130"
"841";"D13142"
"842";"D13188"
"843";"A27611"
"844";"A27617"
"845";"B11549"
"846";"B11686"
"847";"B10016"
"848";"B10073"
"849";"B10122"
"850";"B10555"
"851";"A50216"
"852";"A50221"
"853";"C50172"
"854";"A72158"
"855";"A29011"
"856";"A29030"
"857";"A29115"
"858";"B42524"
"859";"A48054"
"860";"A48113"
"861";"A48122"
"862";"A48142"
"863";"A48153"
"864";"A48169"
"865";"D53674"
"866";"B27013"
"867";"B27027"
"868";"B27094"
"869";"B27098"
"870";"B27131"
"871";"D86122"
"872";"D86701"
"873";"D86716"
"874";"B28511"
"875";"B28576"
"876";"B28584"
"877";"B51535"
"878";"B51611"
"879";"B25504"
"880";"B25608"
"881";"A71593"
"882";"D17176"
"883";"D17191"
"884";"D87760"
"885";"D87856"
"886";"B32610"
"887";"B32722"
"888";"B32821"
"889";"B32840"
"890";"D12108"
"891";"D12110"
"892";"B31029"
"893";"A41170"
"894";"A41177"
"895";"A41193"
"896";"A41196"
"897";"A41239"
"898";"C41080"
"899";"C41354"
"900";"C13006"
"901";"C13026"
"902";"C47476"
"903";"C47515"
"904";"C47613"
"905";"C47619"
"906";"C47726"
"907";"C47729"
"908";"D13062"
"909";"D13177"
"910";"D13218"
"911";"D13224"
"912";"D13263"
"913";"D13284"
"914";"D13291"
"915";"D13320"
"916";"B11553"
"917";"B11636"
"918";"B11676"
"919";"B71083"
"920";"B10017"
"921";"B10022"
"922";"B10060"
"923";"B10141"
"924";"A50219"
"925";"A29019"
"926";"A29035"
"927";"A29050"
"928";"A29180"
"929";"B42505"
"930";"B42668"
"931";"A48090"
"932";"D53560"
"933";"D53635"
"934";"D53679"
"935";"D53682"
"936";"A63531"
"937";"A63537"
"938";"B27020"
"939";"B27133"
"940";"D86258"
"941";"B28518"
"942";"B25505"
"943";"A71565"
"944";"A71576"
"945";"D87872"
"946";"B32529"
"947";"B32606"
"948";"B32705"
"949";"B32780"
"950";"B32795"
"951";"B32808"
"952";"B32827"
"953";"D12162"
"954";"B44642"
"955";"B44691"
"956";"C44520"
"957";"C44669"
"958";"B31082"
"959";"A41095"
"960";"A41462"
"961";"C41386"
"962";"C41395"
"963";"C30045"
"964";"C30141"
"965";"C30342"
"966";"C47545"
"967";"C47575"
"968";"C47611"
"969";"C47755"
"970";"D13028"
"971";"D13167"
"972";"D13244"
"973";"D13286"
"974";"D13289"
"975";"D13314"
"976";"D13358"
"977";"B11540"
"978";"B11581"
"979";"B10034"
"980";"A50024"
"981";"C50014"
"982";"C50120"
"983";"A72096"
"984";"A72152"
"985";"A29138"
"986";"C42502"
"987";"A48088"
"988";"A48097"
"989";"D53559"
"990";"D53677"
"991";"B63076"
"992";"B27061"
"993";"B27107"
"994";"B27155"
"995";"C27035"
"996";"D86145"
"997";"D86158"
"998";"D86761"
"999";"D86778"
"1000";"B28550"
"1001";"B51532"
"1002";"B25546"
"1003";"A71533"
"1004";"A71535"
"1005";"D17119"
"1006";"D17180"
"1007";"D87833"
"1008";"D87870"
"1009";"D87877"
"1010";"B32653"
"1011";"B32673"
"1012";"B32817"
"1013";"B32841"
"1014";"D12105"
"1015";"B31080"
"1016";"B31164"
"1017";"A41146"
"1018";"A41159"
"1019";"A41307"
"1020";"A41328"
"1021";"C41400"
"1022";"C41409"
"1023";"C13077"
"1024";"C30108"
"1025";"C30217"
"1026";"C30305"
"1027";"C30356"
"1028";"C47489"
"1029";"C47512"
"1030";"C47519"
"1031";"C47532"
"1032";"C47795"
"1033";"D13086"
"1034";"D13126"
"1035";"D13163"
"1036";"D13330"
"1037";"B11514"
"1038";"B11591"
"1039";"B11598"
"1040";"B11626"
"1041";"B11650"
"1042";"B11704"
"1043";"B71082"
"1044";"B10053"
"1045";"B10110"
"1046";"B10139"
"1047";"B10503"
"1048";"A50004"
"1049";"C50175"
"1050";"A72106"
"1051";"A29098"
"1052";"A48001"
"1053";"A48140"
"1054";"A48151"
"1055";"A48175"
"1056";"A63539"
"1057";"B63087"
"1058";"B27016"
"1059";"B27040"
"1060";"B27132"
"1061";"B27140"
"1062";"C27078"
"1063";"C27193"
"1064";"D86029"
"1065";"D86274"
"1066";"D86330"
"1067";"D86401"
"1068";"D86747"
"1069";"D86788"
"1070";"B28526"
"1071";"B28594"
"1072";"B58155"
"1073";"B25506"
"1074";"B25607"
"1075";"A71517"
"1076";"A71563"
"1077";"D87832"
"1078";"D87835"
"1079";"B32512"
"1080";"B32518"
"1081";"B32524"
"1082";"B32525"
"1083";"B32587"
"1084";"B32672"
"1085";"B32731"
"1086";"B32739"
"1087";"B32743"
"1088";"D12167"
"1089";"B44688"
"1090";"B31087"
"1091";"B31156"
"1092";"A41009"
"1093";"A41042"
"1094";"A41082"
"1095";"A41131"
"1096";"A41140"
"1097";"A41163"
"1098";"A41351"
"1099";"C41102"
"1100";"C41234"
"1101";"C41373"
"1102";"C41387"
"1103";"C41397"
"1104";"C13075"
"1105";"C30205"
"1106";"C30218"
"1107";"C30336"
"1108";"C47517"
"1109";"C47549"
"1110";"C47567"
"1111";"C47665"
"1112";"C47783"
"1113";"C47832"
"1114";"D13057"
"1115";"D13095"
"1116";"D13183"
"1117";"D13257"
"1118";"D13362"
"1119";"B71011"
"1120";"B71049"
"1121";"B10023"
"1122";"B10112"
"1123";"B10143"
"1124";"B10192"
"1125";"B10537"
"1126";"A50036"
"1127";"C50092"
"1128";"A72150"
"1129";"A72178"
"1130";"A29081"
"1131";"A29100"
"1132";"B42634"
"1133";"C42557"
"1134";"A48065"
"1135";"A48089"
"1136";"A48116"
"1137";"A48176"
"1138";"A48178"
"1139";"D53601"
"1140";"D53926"
"1141";"B63052"
"1142";"B27050"
"1143";"D86077"
"1144";"D86772"
"1145";"D86793"
"1146";"B58049"
"1147";"B58055"
"1148";"B58056"
"1149";"B58070"
"1150";"B51563"
"1151";"B51648"
"1152";"B51651"
"1153";"C51525"
"1154";"C51576"
"1155";"C51584"
"1156";"C51588"
"1157";"B25537"
"1158";"A71578"
"1159";"D17148"
"1160";"D87780"
"1161";"B32711"
"1162";"B32736"
"1163";"B32809"
"1164";"B32839"
"1165";"D12113"
"1166";"D12159"
"1167";"D12161"
"1168";"B44677"
"1169";"C44511"
"1170";"B31157"
"1171";"A41011"
"1172";"A41043"
"1173";"A41233"
"1174";"A41248"
"1175";"A41254"
"1176";"A41301"
"1177";"A41369"
"1178";"C41352"
"1179";"C13058"
"1180";"C30009"
"1181";"C30186"
"1182";"C30327"
"1183";"C47502"
"1184";"C47547"
"1185";"C47595"
"1186";"C47710"
"1187";"C47826"
"1188";"C47896"
"1189";"D13114"
"1190";"D13151"
"1191";"D13156"
"1192";"D13165"
"1193";"D13223"
"1194";"D13308"
"1195";"D13324"
"1196";"D13340"
"1197";"A27682"
"1198";"B71022"
"1199";"B10066"
"1200";"B10118"
"1201";"B10151"
"1202";"B10543"
"1203";"B10552"
"1204";"A50006"
"1205";"A50040"
"1206";"A72159"
"1207";"A29010"
"1208";"A29025"
"1209";"A29095"
"1210";"A29174"
"1211";"A29188"
"1212";"B42561"
"1213";"B42636"
"1214";"A48029"
"1215";"A48058"
"1216";"A48111"
"1217";"A63506"
"1218";"B63039"
"1219";"B27162"
"1220";"B27182"
"1221";"C27198"
"1222";"D86136"
"1223";"D86225"
"1224";"D86746"
"1225";"D86797"
"1226";"B28530"
"1227";"B58016"
"1228";"B58166"
"1229";"B51537"
"1230";"B51548"
"1231";"B25547"
"1232";"B25613"
"1233";"D17013"
"1234";"D17162"
"1235";"D87752"
"1236";"D87884"
"1237";"B32668"
"1238";"B32680"
"1239";"B32698"
"1240";"B32740"
"1241";"B32829"
"1242";"D12121"
"1243";"B44519"
"1244";"B44548"
"1245";"B44581"
"1246";"B44590"
"1247";"B44672"
"1248";"B31007"
"1249";"B31033"
"1250";"B31095"
"1251";"B31151"
"1252";"A41087"
"1253";"A41133"
"1254";"A41136"
"1255";"A41158"
"1256";"A41164"
"1257";"A41315"
"1258";"C13009"
"1259";"C13023"
"1260";"C13035"
"1261";"C30043"
"1262";"C30155"
"1263";"C30161"
"1264";"C30219"
"1265";"C47508"
"1266";"C47658"
"1267";"C47660"
"1268";"C47673"
"1269";"C47709"
"1270";"C47744"
"1271";"C47750"
"1272";"C47763"
"1273";"C47814"
"1274";"D13073"
"1275";"D13090"
"1276";"D13116"
"1277";"D13205"
"1278";"D13295"
"1279";"A27559"
"1280";"B11524"
"1281";"B11527"
"1282";"B11573"
"1283";"B11597"
"1284";"B11602"
"1285";"B11610"
"1286";"B71012"
"1287";"B10029"
"1288";"B10135"
"1289";"B10517"
"1290";"A50009"
"1291";"A50010"
"1292";"A50016"
"1293";"A50017"
"1294";"A50052"
"1295";"A72026"
"1296";"A72082"
"1297";"A29045"
"1298";"A29111"
"1299";"B42519"
"1300";"A48086"
"1301";"D53576"
"1302";"A63532"
"1303";"A63535"
"1304";"B63011"
"1305";"B27019"
"1306";"B27025"
"1307";"B27102"
"1308";"D86795"
"1309";"B28524"
"1310";"B28531"
"1311";"B28551"
"1312";"B58173"
"1313";"B51617"
"1314";"C51557"
"1315";"C51590"
"1316";"C51615"
"1317";"C51654"
"1318";"B25507"
"1319";"A71545"
"1320";"D17165"
"1321";"D87764"
"1322";"D87834"
"1323";"B32571"
"1324";"B32593"
"1325";"B32631"
"1326";"B32664"
"1327";"B32749"
"1328";"B32761"
"1329";"B32787"
"1330";"B32844"
"1331";"C12025"
"1332";"C12039"
"1333";"D12160"
"1334";"B44514"
"1335";"B44523"
"1336";"B44634"
"1337";"B44687"
"1338";"B31118"
"1339";"A41017"
"1340";"A41169"
"1341";"A41181"
"1342";"A41231"
"1343";"A41438"
"1344";"C41010"
"1345";"C41089"
"1346";"C41130"
"1347";"C41393"
"1348";"C41394"
"1349";"C13030"
"1350";"C30048"
"1351";"C30183"
"1352";"C30211"
"1353";"C30347"
"1354";"C30368"
"1355";"C47478"
"1356";"C47501"
"1357";"C47526"
"1358";"C47716"
"1359";"C47825"
"1360";"D13230"
"1361";"D13280"
"1362";"D13360"
"1363";"D13361"
"1364";"A27506"
"1365";"A27664"
"1366";"B11605"
"1367";"B11608"
"1368";"B11655"
"1369";"B71072"
"1370";"B71129"
"1371";"B10137"
"1372";"B10144"
"1373";"B10145"
"1374";"B10507"
"1375";"B10512"
"1376";"B10554"
"1377";"A50025"
"1378";"A50095"
"1379";"A50138"
"1380";"A72039"
"1381";"B42518"
"1382";"B42551"
"1383";"B42601"
"1384";"B42639"
"1385";"C42507"
"1386";"C42537"
"1387";"C42669"
"1388";"A48026"
"1389";"A48027"
"1390";"A48107"
"1391";"A48179"
"1392";"D53600"
"1393";"D53697"
"1394";"A63536"
"1395";"B63034"
"1396";"B63110"
"1397";"B27036"
"1398";"B27104"
"1399";"B27130"
"1400";"D86045"
"1401";"D86054"
"1402";"D86089"
"1403";"D86176"
"1404";"D86180"
"1405";"D86282"
"1406";"D86720"
"1407";"D86722"
"1408";"B28505"
"1409";"B28521"
"1410";"B28525"
"1411";"B28602"
"1412";"B28604"
"1413";"B58028"
"1414";"B58030"
"1415";"B58107"
"1416";"B51545"
"1417";"B51600"
"1418";"C51616"
"1419";"C51633"
"1420";"C51650"
"1421";"B25509"
"1422";"A71519"
"1423";"D17003"
"1424";"D87026"
"1425";"D87867"
"1426";"B32504"
"1427";"B32533"
"1428";"B32636"
"1429";"B32640"
"1430";"B32701"
"1431";"B32748"
"1432";"B32788"
"1433";"B32793"
"1434";"B32816"
"1435";"C12036"
"1436";"D12144"
"1437";"C44545"
"1438";"B31119"
"1439";"A41002"
"1440";"A41062"
"1441";"A41124"
"1442";"A41173"
"1443";"A41240"
"1444";"A41277"
"1445";"A41278"
"1446";"C41348"
"1447";"C30010"
"1448";"C30030"
"1449";"C30042"
"1450";"C30091"
"1451";"C30331"
"1452";"C30334"
"1453";"C30343"
"1454";"C47706"
"1455";"D13098"
"1456";"D13157"
"1457";"D13220"
"1458";"D13334"
"1459";"D13375"
"1460";"B11502"
"1461";"B11510"
"1462";"B11519"
"1463";"B11526"
"1464";"B11559"
"1465";"B11572"
"1466";"B11604"
"1467";"B11606"
"1468";"B11622"
"1469";"B11630"
"1470";"B71080"
"1471";"B71143"
"1472";"B10008"
"1473";"B10035"
"1474";"B10078"
"1475";"B10079"
"1476";"B10103"
"1477";"B10518"
"1478";"B10546"
"1479";"A50026"
"1480";"A50049"
"1481";"A50168"
"1482";"A72116"
"1483";"A29014"
"1484";"A29086"
"1485";"A29149"
"1486";"A29183"
"1487";"B42573"
"1488";"B42631"
"1489";"A48037"
"1490";"A48102"
"1491";"A48109"
"1492";"A48115"
"1493";"A48119"
"1494";"A48149"
"1495";"A48167"
"1496";"A48170"
"1497";"D53506"
"1498";"D53612"
"1499";"D53733"
"1500";"B63027"
"1501";"B63043"
"1502";"B63083"
"1503";"B27063"
"1504";"B27068"
"1505";"B27084"
"1506";"B27085"
"1507";"B27110"
"1508";"C27010"
"1509";"C27059"
"1510";"C27069"
"1511";"C27123"
"1512";"D86040"
"1513";"D86072"
"1514";"D86075"
"1515";"D86126"
"1516";"D86183"
"1517";"D86406"
"1518";"D86411"
"1519";"D86775"
"1520";"B58042"
"1521";"B58111"
"1522";"B58124"
"1523";"B51626"
"1524";"C51555"
"1525";"B25548"
"1526";"B25573"
"1527";"A71536"
"1528";"A71551"
"1529";"A71555"
"1530";"A71628"
"1531";"D17016"
"1532";"D17182"
"1533";"D87208"
"1534";"D87755"
"1535";"D87874"
"1536";"B32573"
"1537";"B32681"
"1538";"B32823"
"1539";"C12024"
"1540";"D12111"
"1541";"C44531"
"1542";"A41004"
"1543";"A41053"
"1544";"A41072"
"1545";"A41083"
"1546";"A41132"
"1547";"A41324"
"1548";"A41370"
"1549";"C30074"
"1550";"C30293"
"1551";"C30303"
"1552";"C30341"
"1553";"C30362"
"1554";"C47488"
"1555";"C47554"
"1556";"C47644"
"1557";"C47855"
"1558";"C47981"
"1559";"D13212"
"1560";"D13364"
"1561";"D13366"
"1562";"B11703"
"1563";"B11706"
"1564";"B10038"
"1565";"B10136"
"1566";"B10524"
"1567";"B10559"
"1568";"A50165"
"1569";"C50028"
"1570";"A72074"
"1571";"A29046"
"1572";"A29055"
"1573";"B42650"
"1574";"C42528"
"1575";"C42554"
"1576";"A48032"
"1577";"A48035"
"1578";"A48045"
"1579";"A48068"
"1580";"A48081"
"1581";"D53710"
"1582";"D53751"
"1583";"A63534"
"1584";"B63010"
"1585";"B63048"
"1586";"B63075"
"1587";"B63094"
"1588";"B63107"
"1589";"B27006"
"1590";"B27044"
"1591";"B27062"
"1592";"B27075"
"1593";"B27077"
"1594";"B27111"
"1595";"B27180"
"1596";"C27022"
"1597";"C27106"
"1598";"D86732"
"1599";"D86734"
"1600";"D86773"
"1601";"B28533"
"1602";"B28548"
"1603";"B28552"
"1604";"B28557"
"1605";"B28582"
"1606";"B28625"
"1607";"B58001"
"1608";"B58078"
"1609";"B58128"
"1610";"B58135"
"1611";"B51614"
"1612";"B51629"
"1613";"C51608"
"1614";"B25510"
"1615";"A71538"
"1616";"A71557"
"1617";"A71580"
"1618";"A71592"
"1619";"A71610"
"1620";"D17125"
"1621";"D17137"
"1622";"D87766"
"1623";"B32626"
"1624";"B32712"
"1625";"B32721"
"1626";"B32737"
"1627";"B32745"
"1628";"B32822"
"1629";"B32826"
"1630";"C12020"
"1631";"B44658"
"1632";"B44690"
"1633";"C44564"
"1634";"C44680"
"1635";"C44683"
"1636";"C44686"
"1637";"B31089"
"1638";"B31092"
"1639";"A41055"
"1640";"A41097"
"1641";"A41129"
"1642";"A41179"
"1643";"A41219"
"1644";"A41226"
"1645";"A41261"
"1646";"A41298"
"1647";"A41358"
"1648";"C13041"
"1649";"C13079"
"1650";"C30017"
"1651";"C30032"
"1652";"C30177"
"1653";"C30253"
"1654";"C30361"
"1655";"C30364"
"1656";"C47516"
"1657";"C47580"
"1658";"C47678"
"1659";"C47680"
"1660";"C47694"
"1661";"C47707"
"1662";"C47756"
"1663";"C47801"
"1664";"C47836"
"1665";"C47838"
"1666";"C47884"
"1667";"D13133"
"1668";"D13175"
"1669";"D13290"
"1670";"D13294"
"1671";"D13299"
"1672";"D13505"
"1673";"A27528"
"1674";"A27625"
"1675";"A27645"
"1676";"B11513"
"1677";"B11525"
"1678";"B11532"
"1679";"B11554"
"1680";"B11578"
"1681";"B11638"
"1682";"B10030"
"1683";"B10045"
"1684";"B10107"
"1685";"B10150"
"1686";"B10538"
"1687";"B10550"
"1688";"A50018"
"1689";"A50093"
"1690";"A50097"
"1691";"A50098"
"1692";"A50217"
"1693";"C50029"
"1694";"A72040"
"1695";"A72148"
"1696";"A29005"
"1697";"A29012"
"1698";"A29024"
"1699";"A29092"
"1700";"A29152"
"1701";"A29184"
"1702";"B42540"
"1703";"B42560"
"1704";"B42579"
"1705";"B42580"
"1706";"B42647"
"1707";"D53569"
"1708";"B63017"
"1709";"B27043"
"1710";"B27088"
"1711";"B27092"
"1712";"B27144"
"1713";"C27028"
"1714";"D86063"
"1715";"D86099"
"1716";"D86133"
"1717";"D86141"
"1718";"D86187"
"1719";"D86189"
"1720";"D86327"
"1721";"D86735"
"1722";"D86749"
"1723";"B28589"
"1724";"B28630"
"1725";"B58010"
"1726";"B58092"
"1727";"B58122"
"1728";"B51527"
"1729";"B51549"
"1730";"B51644"
"1731";"B25602"
"1732";"A71523"
"1733";"A71553"
"1734";"A71564"
"1735";"A71599"
"1736";"A71629"
"1737";"D17164"
"1738";"D17189"
"1739";"D17190"
"1740";"D87859"
"1741";"B32648"
"1742";"B32700"
"1743";"B32738"
"1744";"C12043"
"1745";"D12155"
"1746";"B44516"
"1747";"B44605"
"1748";"B44675"
"1749";"B31071"
"1750";"A41030"
"1751";"A41060"
"1752";"A41068"
"1753";"A41085"
"1754";"A41137"
"1755";"A41175"
"1756";"A41255"
"1757";"C41045"
"1758";"C41116"
"1759";"C41244"
"1760";"C13081"
"1761";"C30107"
"1762";"C30254"
"1763";"C30264"
"1764";"C47490"
"1765";"C47574"
"1766";"C47604"
"1767";"C47618"
"1768";"C47641"
"1769";"C47661"
"1770";"C47670"
"1771";"C47718"
"1772";"C47827"
"1773";"C47892"
"1774";"C47973"
"1775";"D13166"
"1776";"D13206"
"1777";"D13221"
"1778";"D13242"
"1779";"D13248"
"1780";"D13266"
"1781";"D13285"
"1782";"D13325"
"1783";"D13343"
"1784";"A27589"
"1785";"B11503"
"1786";"B11504"
"1787";"B11518"
"1788";"B11562"
"1789";"B11599"
"1790";"B71034"
"1791";"B71117"
"1792";"B71144"
"1793";"B10506"
"1794";"A50031"
"1795";"A72060"
"1796";"A72092"
"1797";"A72093"
"1798";"A29076"
"1799";"A29123"
"1800";"A29163"
"1801";"B42655"
"1802";"C42596"
"1803";"A48010"
"1804";"A48130"
"1805";"A48152"
"1806";"A48180"
"1807";"D53570"
"1808";"B63006"
"1809";"B63066"
"1810";"B63081"
"1811";"B27024"
"1812";"B27045"
"1813";"B27070"
"1814";"B27150"
"1815";"B27189"
"1816";"C27196"
"1817";"D86100"
"1818";"D86194"
"1819";"D86362"
"1820";"D86363"
"1821";"B28528"
"1822";"B28543"
"1823";"B28549"
"1824";"B28587"
"1825";"B28726"
"1826";"B58011"
"1827";"B58013"
"1828";"B58034"
"1829";"B58100"
"1830";"B58174"
"1831";"B51508"
"1832";"B51528"
"1833";"B51551"
"1834";"B51601"
"1835";"C51623"
"1836";"C51636"
"1837";"B25549"
"1838";"B25580"
"1839";"A71567"
"1840";"A71570"
"1841";"A71575"
"1842";"A71581"
"1843";"D17053"
"1844";"D17061"
"1845";"D17161"
"1846";"D87828"
"1847";"B32645"
"1848";"B32658"
"1849";"B32735"
"1850";"B32781"
"1851";"B32828"
"1852";"B44575"
"1853";"B44689"
"1854";"C44510"
"1855";"B31052"
"1856";"B31110"
"1857";"B31153"
"1858";"A41057"
"1859";"A41088"
"1860";"A41157"
"1861";"A41198"
"1862";"C41021"
"1863";"C41265"
"1864";"C13049"
"1865";"C13063"
"1866";"C13082"
"1867";"C30193"
"1868";"C30216"
"1869";"C30242"
"1870";"C30244"
"1871";"C30276"
"1872";"C30339"
"1873";"C30367"
"1874";"C47552"
"1875";"C47561"
"1876";"C47617"
"1877";"C47628"
"1878";"C47659"
"1879";"C47757"
"1880";"C47899"
"1881";"D13024"
"1882";"D13056"
"1883";"D13132"
"1884";"D13217"
"1885";"D13255"
"1886";"B11594"
"1887";"B11615"
"1888";"B71048"
"1889";"B71056"
"1890";"B10528"
"1891";"C12522"
"1892";"A50051"
"1893";"A72084"
"1894";"A29013"
"1895";"A29106"
"1896";"A29110"
"1897";"A29116"
"1898";"A29124"
"1899";"A29132"
"1900";"A29166"
"1901";"B42521"
"1902";"B42619"
"1903";"B42657"
"1904";"B42674"
"1905";"A48043"
"1906";"A48050"
"1907";"A48051"
"1908";"A48139"
"1909";"D53704"
"1910";"D53912"
"1911";"D53925"
"1912";"B27074"
"1913";"B27134"
"1914";"D86785"
"1915";"B28515"
"1916";"B28527"
"1917";"B28540"
"1918";"B28546"
"1919";"B28586"
"1920";"B28597"
"1921";"B28605"
"1922";"B28618"
"1923";"B58003"
"1924";"C51552"
"1925";"C51556"
"1926";"C51610"
"1927";"B25512"
"1928";"B25579"
"1929";"A71503"
"1930";"A71543"
"1931";"D17154"
"1932";"B32741"
"1933";"B32756"
"1934";"B44567"
"1935";"B44646"
"1936";"A41071"
"1937";"A41220"
"1938";"A41292"
"1939";"A41365"
"1940";"C41366"
"1941";"C13066"
"1942";"C30026"
"1943";"C30147"
"1944";"C30157"
"1945";"C30159"
"1946";"C30182"
"1947";"C30184"
"1948";"C30209"
"1949";"C30232"
"1950";"C47486"
"1951";"C47543"
"1952";"C47559"
"1953";"C47587"
"1954";"C47728"
"1955";"C47777"
"1956";"C47806"
"1957";"C47821"
"1958";"C47853"
"1959";"D13234"
"1960";"D13268"
"1961";"D13279"
"1962";"D13351"
"1963";"D13354"
"1964";"A27670"
"1965";"B11543"
"1966";"B11583"
"1967";"B11603"
"1968";"B11635"
"1969";"B11641"
"1970";"B11663"
"1971";"B71060"
"1972";"B71112"
"1973";"B10099"
"1974";"B10188"
"1975";"A50075"
"1976";"A50220"
"1977";"A72049"
"1978";"A72099"
"1979";"A72126"
"1980";"A72127"
"1981";"A72170"
"1982";"A29083"
"1983";"A29170"
"1984";"A29179"
"1985";"B42516"
"1986";"B42574"
"1987";"B42588"
"1988";"C42509"
"1989";"A48016"
"1990";"A48069"
"1991";"A48083"
"1992";"A48118"
"1993";"D53699"
"1994";"B63092"
"1995";"B27108"
"1996";"B27154"
"1997";"C27018"
"1998";"D86728"
"1999";"D86787"
"2000";"D86789"
"2001";"B28520"
"2002";"B28522"
"2003";"B28612"
"2004";"B58025"
"2005";"B58032"
"2006";"B58108"
"2007";"B25513"
"2008";"B25514"
"2009";"A71510"
"2010";"A71560"
"2011";"A71582"
"2012";"A71626"
"2013";"A71627"
"2014";"D17077"
"2015";"D17168"
"2016";"D87761"
"2017";"B32526"
"2018";"B32623"
"2019";"B32665"
"2020";"B32694"
"2021";"B32713"
"2022";"B32725"
"2023";"B44648"
"2024";"B44671"
"2025";"B44694"
"2026";"C44543"
"2027";"C44591"
"2028";"B31127"
"2029";"A41105"
"2030";"A41120"
"2031";"A41194"
"2032";"A41210"
"2033";"A41229"
"2034";"A41266"
"2035";"A41303"
"2036";"C41092"
"2037";"C41343"
"2038";"C41344"
"2039";"C41371"
"2040";"C41384"
"2041";"C13008"
"2042";"C13074"
"2043";"C30008"
"2044";"C30019"
"2045";"C30029"
"2046";"C30096"
"2047";"C30105"
"2048";"C30158"
"2049";"C30197"
"2050";"C30294"
"2051";"C47521"
"2052";"C47548"
"2053";"C47626"
"2054";"C47630"
"2055";"C47649"
"2056";"C47668"
"2057";"C47675"
"2058";"C47711"
"2059";"C47742"
"2060";"C47789"
"2061";"C47824"
"2062";"C47847"
"2063";"C47849"
"2064";"C47882"
"2065";"C47895"
"2066";"D13173"
"2067";"D13226"
"2068";"D13316"
"2069";"A27606"
"2070";"B11557"
"2071";"B11614"
"2072";"B71016"
"2073";"B71076"
"2074";"B10042"
"2075";"B10149"
"2076";"B10522"
"2077";"B10547"
"2078";"A50070"
"2079";"A50096"
"2080";"A72028"
"2081";"A72032"
"2082";"A72072"
"2083";"A72146"
"2084";"A72163"
"2085";"A29029"
"2086";"A29069"
"2087";"A29078"
"2088";"A29128"
"2089";"B42543"
"2090";"B42629"
"2091";"B42656"
"2092";"B42660"
"2093";"C42549"
"2094";"C42624"
"2095";"C42670"
"2096";"C42671"
"2097";"A48053"
"2098";"A48087"
"2099";"D53675"
"2100";"D53909"
"2101";"D53918"
"2102";"A63543"
"2103";"B63025"
"2104";"B63059"
"2105";"B27056"
"2106";"C27030"
"2107";"C27109"
"2108";"C27120"
"2109";"C27199"
"2110";"D86006"
"2111";"D86098"
"2112";"D86149"
"2113";"D86324"
"2114";"D86329"
"2115";"D86715"
"2116";"D86769"
"2117";"D86776"
"2118";"B28598"
"2119";"B58131"
"2120";"B58197"
"2121";"B51577"
"2122";"B51585"
"2123";"B51645"
"2124";"B51647"
"2125";"C51582"
"2126";"C51622"
"2127";"B25563"
"2128";"A71531"
"2129";"A71617"
"2130";"D17124"
"2131";"D17167"
"2132";"D17183"
"2133";"B32649"
"2134";"B32660"
"2135";"B32663"
"2136";"B32759"
"2137";"B32762"
"2138";"D12104"
"2139";"B44552"
"2140";"C44593"
"2141";"C44685"
"2142";"B31002"
"2143";"B31032"
"2144";"B31158"
"2145";"A41023"
"2146";"A41111"
"2147";"A41205"
"2148";"A41257"
"2149";"A41293"
"2150";"A41306"
"2151";"A41310"
"2152";"A41317"
"2153";"C13044"
"2154";"C30097"
"2155";"C30180"
"2156";"C30228"
"2157";"C30263"
"2158";"C30274"
"2159";"C30337"
"2160";"C30349"
"2161";"C47480"
"2162";"C47492"
"2163";"C47535"
"2164";"C47640"
"2165";"C47766"
"2166";"C47793"
"2167";"C47794"
"2168";"C47817"
"2169";"D13138"
"2170";"D13207"
"2171";"D13210"
"2172";"D13247"
"2173";"D13283"
"2174";"D13310"
"2175";"D13399"
"2176";"A27632"
"2177";"A27652"
"2178";"B11580"
"2179";"B11582"
"2180";"B11607"
"2181";"B11624"
"2182";"B71136"
"2183";"B71155"
"2184";"B10193"
"2185";"B10535"
"2186";"A50125"
"2187";"C50227"
"2188";"A72016"
"2189";"A72109"
"2190";"A29026"
"2191";"A29096"
"2192";"A29135"
"2193";"B42525"
"2194";"B42583"
"2195";"B42594"
"2196";"B42605"
"2197";"B42663"
"2198";"C42513"
"2199";"C42586"
"2200";"A48024"
"2201";"A48041"
"2202";"A48076"
"2203";"A48077"
"2204";"D53930"
"2205";"B63029"
"2206";"B27009"
"2207";"B27087"
"2208";"B27157"
"2209";"C27054"
"2210";"D86004"
"2211";"D86074"
"2212";"D86196"
"2213";"D86254"
"2214";"D86334"
"2215";"D86760"
"2216";"D86774"
"2217";"D86784"
"2218";"B28547"
"2219";"B28561"
"2220";"B58029"
"2221";"B58046"
"2222";"B58088"
"2223";"B58216"
"2224";"C51534"
"2225";"A71527"
"2226";"A71603"
"2227";"D87781"
"2228";"D87880"
"2229";"B32558"
"2230";"B32650"
"2231";"B32728"
"2232";"B32832"
"2233";"B44509"
"2234";"B44594"
"2235";"B44654"
"2236";"B44661"
"2237";"C44559"
"2238";"B31035"
"2239";"B31084"
"2240";"A41031"
"2241";"A41227"
"2242";"A41319"
"2243";"A41448"
"2244";"A41460"
"2245";"C13111"
"2246";"C13112"
"2247";"C30284"
"2248";"C30292"
"2249";"C30371"
"2250";"C30373"
"2251";"C47472"
"2252";"C47499"
"2253";"C47525"
"2254";"C47530"
"2255";"C47539"
"2256";"C47541"
"2257";"C47627"
"2258";"C47721"
"2259";"C47753"
"2260";"C47759"
"2261";"C47816"
"2262";"C47837"
"2263";"C47856"
"2264";"C47860"
"2265";"C47888"
"2266";"D13027"
"2267";"D13134"
"2268";"D13164"
"2269";"D13180"
"2270";"D13184"
"2271";"D13238"
"2272";"D13246"
"2273";"D13253"
"2274";"B11506"
"2275";"B11538"
"2276";"B11558"
"2277";"B11568"
"2278";"B11673"
"2279";"B71013"
"2280";"B10012"
"2281";"B10024"
"2282";"C12519"
"2283";"A50008"
"2284";"A50041"
"2285";"A50084"
"2286";"A50157"
"2287";"A72117"
"2288";"A29033"
"2289";"A29077"
"2290";"B42544"
"2291";"B42662"
"2292";"C42610"
"2293";"C42654"
"2294";"A48015"
"2295";"A48036"
"2296";"A48079"
"2297";"A48100"
"2298";"D53610"
"2299";"A63538"
"2300";"B63024"
"2301";"B63030"
"2302";"B63038"
"2303";"B63084"
"2304";"D86712"
"2305";"B28578"
"2306";"B28732"
"2307";"B58058"
"2308";"B58073"
"2309";"B58076"
"2310";"B58145"
"2311";"B51524"
"2312";"B51531"
"2313";"B51638"
"2314";"C51502"
"2315";"C51506"
"2316";"C51512"
"2317";"C51592"
"2318";"B25515"
"2319";"B25516"
"2320";"B25575"
"2321";"A71604"
"2322";"A71622"
"2323";"D17054"
"2324";"B32800"
"2325";"D12115"
"2326";"B44585"
"2327";"C44682"
"2328";"B31079"
"2329";"A41032"
"2330";"A41069"
"2331";"A41188"
"2332";"A41203"
"2333";"C13106"
"2334";"C30036"
"2335";"C30165"
"2336";"C30236"
"2337";"C30321"
"2338";"C30353"
"2339";"C47513"
"2340";"C47571"
"2341";"C47798"
"2342";"C47811"
"2343";"C47865"
"2344";"C47867"
"2345";"C47875"
"2346";"D13123"
"2347";"D13225"
"2348";"D13301"
"2349";"A27509"
"2350";"A27537"
"2351";"B11541"
"2352";"B11545"
"2353";"B11563"
"2354";"B11588"
"2355";"B11625"
"2356";"B71077"
"2357";"B10009"
"2358";"C12523"
"2359";"A72004"
"2360";"A72068"
"2361";"A72078"
"2362";"A72110"
"2363";"A72141"
"2364";"A72156"
"2365";"A29032"
"2366";"A29084"
"2367";"A29185"
"2368";"A48003"
"2369";"A48008"
"2370";"A48134"
"2371";"D53722"
"2372";"D53921"
"2373";"B27037"
"2374";"B27135"
"2375";"B27143"
"2376";"B27160"
"2377";"C27034"
"2378";"C27167"
"2379";"C27194"
"2380";"D86703"
"2381";"B58044"
"2382";"B58059"
"2383";"B58079"
"2384";"B58119"
"2385";"B58161"
"2386";"C51536"
"2387";"C51564"
"2388";"C51606"
"2389";"B25559"
"2390";"A71584"
"2391";"D17175"
"2392";"D17184"
"2393";"D17194"
"2394";"D87750"
"2395";"D87785"
"2396";"B32757"
"2397";"B32835"
"2398";"C44571"
"2399";"C44586"
"2400";"B31113"
"2401";"B31167"
"2402";"A41027"
"2403";"A41121"
"2404";"A41282"
"2405";"A41320"
"2406";"C41093"
"2407";"C41209"
"2408";"C41325"
"2409";"C41356"
"2410";"C13143"
"2411";"C30085"
"2412";"C30140"
"2413";"C30143"
"2414";"C30187"
"2415";"C30273"
"2416";"C30314"
"2417";"C30333"
"2418";"C30358"
"2419";"C47493"
"2420";"C47534"
"2421";"C47620"
"2422";"C47669"
"2423";"C47719"
"2424";"C47760"
"2425";"C47776"
"2426";"C47828"
"2427";"C47857"
"2428";"C47996"
"2429";"D13185"
"2430";"D13189"
"2431";"D13374"
"2432";"A27669"
"2433";"B11529"
"2434";"B11555"
"2435";"B11570"
"2436";"B11586"
"2437";"B11637"
"2438";"B11643"
"2439";"B11700"
"2440";"B71107"
"2441";"B10063"
"2442";"A50212"
"2443";"A72038"
"2444";"A29009"
"2445";"A29039"
"2446";"A29070"
"2447";"A29134"
"2448";"A29182"
"2449";"B42527"
"2450";"B42665"
"2451";"C42546"
"2452";"C42571"
"2453";"A48125"
"2454";"A48171"
"2455";"A63530"
"2456";"B63032"
"2457";"B63097"
"2458";"B27005"
"2459";"B27080"
"2460";"B27179"
"2461";"B27185"
"2462";"D86020"
"2463";"D86106"
"2464";"D86109"
"2465";"D86222"
"2466";"D86321"
"2467";"D86407"
"2468";"D86730"
"2469";"D86736"
"2470";"D86739"
"2471";"D86782"
"2472";"B28535"
"2473";"B28537"
"2474";"B28545"
"2475";"B28569"
"2476";"B28606"
"2477";"B28727"
"2478";"B58020"
"2479";"B58047"
"2480";"B58053"
"2481";"B58105"
"2482";"B58106"
"2483";"B58123"
"2484";"B58129"
"2485";"B51501"
"2486";"B51503"
"2487";"B51517"
"2488";"B51544"
"2489";"B51550"
"2490";"B25517"
"2491";"B25597"
"2492";"A71621"
"2493";"A71624"
"2494";"D17056"
"2495";"D17059"
"2496";"D17150"
"2497";"D17185"
"2498";"D87759"
"2499";"B32834"
"2500";"B32837"
"2501";"D12112"
"2502";"D12166"
"2503";"B44643"
"2504";"C44629"
"2505";"B31090"
"2506";"B31152"
"2507";"A41299"
"2508";"C30148"
"2509";"C30309"
"2510";"C30328"
"2511";"C30344"
"2512";"C47495"
"2513";"C47565"
"2514";"C47672"
"2515";"C47780"
"2516";"C47782"
"2517";"C47891"
"2518";"D13195"
"2519";"D13309"
"2520";"D13322"
"2521";"B11515"
"2522";"B11546"
"2523";"B11589"
"2524";"B11651"
"2525";"B11652"
"2526";"B11682"
"2527";"B71078"
"2528";"B10051"
"2529";"A50030"
"2530";"A50159"
"2531";"A50183"
"2532";"C50053"
"2533";"A29085"
"2534";"B42587"
"2535";"B42604"
"2536";"B42612"
"2537";"B42664"
"2538";"C42672"
"2539";"A48009"
"2540";"A48011"
"2541";"A48021"
"2542";"A48048"
"2543";"B63021"
"2544";"B27007"
"2545";"C27004"
"2546";"C27052"
"2547";"C27053"
"2548";"C27200"
"2549";"D86148"
"2550";"D86215"
"2551";"D86706"
"2552";"B28536"
"2553";"B28554"
"2554";"B28600"
"2555";"B28627"
"2556";"B28724"
"2557";"B58006"
"2558";"B58019"
"2559";"B58095"
"2560";"B58120"
"2561";"B51514"
"2562";"B51625"
"2563";"C51599"
"2564";"B25560"
"2565";"D17023"
"2566";"D17188"
"2567";"D87321"
"2568";"D87715"
"2569";"B32535"
"2570";"B32703"
"2571";"B32734"
"2572";"B32796"
"2573";"C12049"
"2574";"B44606"
"2575";"B44640"
"2576";"B44666"
"2577";"B31017"
"2578";"B31096"
"2579";"A41037"
"2580";"A41070"
"2581";"A41110"
"2582";"A41300"
"2583";"C30033"
"2584";"C30080"
"2585";"C30195"
"2586";"C30326"
"2587";"C47475"
"2588";"C47491"
"2589";"C47504"
"2590";"C47622"
"2591";"C47625"
"2592";"C47727"
"2593";"C47820"
"2594";"C47894"
"2595";"D13192"
"2596";"B11507"
"2597";"B11547"
"2598";"B71006"
"2599";"B10026"
"2600";"B10037"
"2601";"B10138"
"2602";"B10194"
"2603";"B10420"
"2604";"A50142"
"2605";"A50158"
"2606";"A72003"
"2607";"A72029"
"2608";"A29139"
"2609";"A29158"
"2610";"A29176"
"2611";"A29191"
"2612";"B42511"
"2613";"B42556"
"2614";"B42563"
"2615";"B42626"
"2616";"B42667"
"2617";"C42514"
"2618";"C42566"
"2619";"A48013"
"2620";"A48073"
"2621";"B27103"
"2622";"B27145"
"2623";"B27188"
"2624";"C27015"
"2625";"C27067"
"2626";"C27083"
"2627";"C27089"
"2628";"D86402"
"2629";"D86717"
"2630";"D86727"
"2631";"D86764"
"2632";"B28574"
"2633";"B58017"
"2634";"B58043"
"2635";"B58081"
"2636";"B58217"
"2637";"C51542"
"2638";"C51579"
"2639";"B25518"
"2640";"A71556"
"2641";"A71577"
"2642";"A71585"
"2643";"D17159"
"2644";"D17163"
"2645";"D17179"
"2646";"D87319"
"2647";"B32528"
"2648";"B32842"
"2649";"B44525"
"2650";"B44558"
"2651";"B44578"
"2652";"C44637"
"2653";"C44662"
"2654";"C44664"
"2655";"B31045"
"2656";"A41051"
"2657";"A41101"
"2658";"A41199"
"2659";"A41296"
"2660";"C30013"
"2661";"C30078"
"2662";"C30279"
"2663";"C30296"
"2664";"C30357"
"2665";"C47642"
"2666";"C47717"
"2667";"C47781"
"2668";"C47787"
"2669";"D13176"
"2670";"D13345"
"2671";"A27610"
"2672";"A27680"
"2673";"B11534"
"2674";"B11574"
"2675";"B11613"
"2676";"B71047"
"2677";"B10092"
"2678";"C12518"
"2679";"A50213"
"2680";"C50196"
"2681";"A29021"
"2682";"A29122"
"2683";"B42625"
"2684";"B42666"
"2685";"C42614"
"2686";"C42673"
"2687";"A48018"
"2688";"A48078"
"2689";"A48114"
"2690";"A48144"
"2691";"A48177"
"2692";"B63044"
"2693";"B63055"
"2694";"B63065"
"2695";"B27031"
"2696";"B27101"
"2697";"B27125"
"2698";"D86255"
"2699";"D86322"
"2700";"D86781"
"2701";"B28510"
"2702";"B28617"
"2703";"B28728"
"2704";"B58091"
"2705";"B51530"
"2706";"C51538"
"2707";"C51567"
"2708";"B25529"
"2709";"B25598"
"2710";"A71507"
"2711";"D17127"
"2712";"D17187"
"2713";"D17193"
"2714";"B32815"
"2715";"B32831"
"2716";"B44577"
"2717";"B44630"
"2718";"C44583"
"2719";"B31128"
"2720";"A41208"
"2721";"C41383"
"2722";"C30003"
"2723";"C30041"
"2724";"C30051"
"2725";"C30079"
"2726";"C30090"
"2727";"C30185"
"2728";"C30318"
"2729";"C30335"
"2730";"C30370"
"2731";"C30376"
"2732";"C47518"
"2733";"C47529"
"2734";"C47639"
"2735";"C47643"
"2736";"C47681"
"2737";"C47724"
"2738";"C47734"
"2739";"C47768"
"2740";"C47785"
"2741";"C47808"
"2742";"C47858"
"2743";"C47870"
"2744";"D13080"
"2745";"D13105"
"2746";"D13370"
"2747";"B11702"
"2748";"B71146"
"2749";"B10014"
"2750";"A50181"
"2751";"A29066"
"2752";"A29089"
"2753";"A29146"
"2754";"C42552"
"2755";"C42570"
"2756";"C42618"
"2757";"A48061"
"2758";"D53515"
"2759";"B27136"
"2760";"B27138"
"2761";"B27146"
"2762";"B27151"
"2763";"B27178"
"2764";"C27038"
"2765";"D86765"
"2766";"B28519"
"2767";"B28614"
"2768";"B58023"
"2769";"B58031"
"2770";"B58039"
"2771";"B58064"
"2772";"B58077"
"2773";"B58084"
"2774";"B58094"
"2775";"B58150"
"2776";"B58152"
"2777";"B58162"
"2778";"B51518"
"2779";"B51539"
"2780";"B51562"
"2781";"B25551"
"2782";"B25614"
"2783";"A71601"
"2784";"D17068"
"2785";"D17181"
"2786";"B32615"
"2787";"B32709"
"2788";"B32710"
"2789";"B44540"
"2790";"B44650"
"2791";"C44554"
"2792";"C44556"
"2793";"B31030"
"2794";"B31098"
"2795";"A41026"
"2796";"A41115"
"2797";"A41127"
"2798";"A41334"
"2799";"A41445"
"2800";"A41449"
"2801";"C13124"
"2802";"C30194"
"2803";"C30330"
"2804";"C30348"
"2805";"C30363"
"2806";"C30375"
"2807";"C47477"
"2808";"C47578"
"2809";"C47586"
"2810";"C47692"
"2811";"C47812"
"2812";"C47968"
"2813";"B11542"
"2814";"B11596"
"2815";"B11687"
"2816";"B71095"
"2817";"B71122"
"2818";"B71158"
"2819";"B10411"
"2820";"C12510"
"2821";"A50023"
"2822";"A50166"
"2823";"A72002"
"2824";"A72118"
"2825";"A29004"
"2826";"A29057"
"2827";"A29125"
"2828";"A29140"
"2829";"B42532"
"2830";"B42575"
"2831";"C42535"
"2832";"C42603"
"2833";"C42630"
"2834";"A48062"
"2835";"D53609"
"2836";"A63542"
"2837";"B27163"
"2838";"C27058"
"2839";"C27116"
"2840";"B28572"
"2841";"B28593"
"2842";"B28626"
"2843";"B28628"
"2844";"B28631"
"2845";"B28722"
"2846";"B58024"
"2847";"B58060"
"2848";"B58215"
"2849";"B51570"
"2850";"C51560"
"2851";"C51568"
"2852";"C51591"
"2853";"C51596"
"2854";"B25578"
"2855";"B32642"
"2856";"B32715"
"2857";"C12013"
"2858";"B44696"
"2859";"C44644"
"2860";"A41016"
"2861";"A41061"
"2862";"A41312"
"2863";"A41326"
"2864";"C30135"
"2865";"C30345"
"2866";"C30372"
"2867";"C47635"
"2868";"C47655"
"2869";"C47762"
"2870";"C47880"
"2871";"C47910"
"2872";"D13254"
"2873";"D13396"
"2874";"A27550"
"2875";"A27560"
"2876";"B11556"
"2877";"B71067"
"2878";"B71132"
"2879";"A50167"
"2880";"A72014"
"2881";"A72132"
"2882";"A29003"
"2883";"A29027"
"2884";"A29036"
"2885";"A29048"
"2886";"A29052"
"2887";"B42640"
"2888";"C42641"
"2889";"C27017"
"2890";"C27079"
"2891";"B28502"
"2892";"B58033"
"2893";"B58102"
"2894";"B58192"
"2895";"B51540"
"2896";"C51559"
"2897";"C51589"
"2898";"B25521"
"2899";"B25568"
"2900";"B25583"
"2901";"A71607"
"2902";"D17128"
"2903";"B32577"
"2904";"B32683"
"2905";"B32730"
"2906";"B32819"
"2907";"B44521"
"2908";"B31135"
"2909";"B31136"
"2910";"A41117"
"2911";"A41279"
"2912";"A41353"
"2913";"C13065"
"2914";"C30006"
"2915";"C30027"
"2916";"C30189"
"2917";"C30238"
"2918";"C30275"
"2919";"C30313"
"2920";"C47496"
"2921";"C47570"
"2922";"C47576"
"2923";"C47632"
"2924";"C47647"
"2925";"C47662"
"2926";"C47682"
"2927";"C47685"
"2928";"C47708"
"2929";"C47835"
"2930";"C47930"
"2931";"D13228"
"2932";"A27548"
"2933";"A27644"
"2934";"B11616"
"2935";"B71069"
"2936";"B71075"
"2937";"B71113"
"2938";"B71148"
"2939";"B10071"
"2940";"A72018"
"2941";"A72023"
"2942";"A29007"
"2943";"B42595"
"2944";"C42564"
"2945";"A48104"
"2946";"B63047"
"2947";"B27153"
"2948";"B27158"
"2949";"B27183"
"2950";"C27093"
"2951";"D86199"
"2952";"D86318"
"2953";"B28517"
"2954";"B28564"
"2955";"B58035"
"2956";"B58040"
"2957";"B58052"
"2958";"B58097"
"2959";"B51566"
"2960";"B51569"
"2961";"C51571"
"2962";"C51574"
"2963";"B32537"
"2964";"B32724"
"2965";"B44657"
"2966";"C44628"
"2967";"B31008"
"2968";"B31066"
"2969";"A41020"
"2970";"A41065"
"2971";"A41138"
"2972";"C30016"
"2973";"C30338"
"2974";"C30369"
"2975";"C47544"
"2976";"C47558"
"2977";"C47743"
"2978";"D13196"
"2979";"B11535"
"2980";"B11565"
"2981";"C12521"
"2982";"A72122"
"2983";"A29088"
"2984";"A29148"
"2985";"A48173"
"2986";"D53748"
"2987";"B27105"
"2988";"B27141"
"2989";"D86718"
"2990";"D86768"
"2991";"B58063"
"2992";"B51643"
"2993";"C51637"
"2994";"B25528"
"2995";"B25553"
"2996";"B25576"
"2997";"A71566"
"2998";"B32644"
"2999";"B32662"
"3000";"B32750"
"3001";"C44613"
"3002";"B31116"
"3003";"A41012"
"3004";"A41064"
"3005";"A41134"
"3006";"A41141"
"3007";"A41145"
"3008";"C30012"
"3009";"C30192"
"3010";"C30300"
"3011";"C30319"
"3012";"C30346"
"3013";"C47466"
"3014";"C47616"
"3015";"C47985"
"3016";"A27622"
"3017";"B11520"
"3018";"B71039"
"3019";"C12526"
"3020";"A50184"
"3021";"A72010"
"3022";"A29189"
"3023";"B42522"
"3024";"B42569"
"3025";"C42616"
"3026";"C42622"
"3027";"B27156"
"3028";"C27073"
"3029";"C27119"
"3030";"D86218"
"3031";"D86236"
"3032";"D86317"
"3033";"D86786"
"3034";"B28601"
"3035";"B28629"
"3036";"B58165"
"3037";"B51572"
"3038";"B51594"
"3039";"B25558"
"3040";"D87865"
"3041";"B32576"
"3042";"C12032"
"3043";"D12140"
"3044";"B44563"
"3045";"B44588"
"3046";"B31094"
"3047";"B31104"
"3048";"A41052"
"3049";"A41269"
"3050";"A41457"
"3051";"C13032"
"3052";"C30004"
"3053";"C30081"
"3054";"C30114"
"3055";"C30170"
"3056";"C30374"
"3057";"C47487"
"3058";"C47579"
"3059";"C47583"
"3060";"C47633"
"3061";"C47732"
"3062";"C47956"
"3063";"C47969"
"3064";"A27674"
"3065";"B71096"
"3066";"A50188"
"3067";"C50056"
"3068";"A72013"
"3069";"A29187"
"3070";"B42648"
"3071";"C42506"
"3072";"C42642"
"3073";"B27139"
"3074";"B28580"
"3075";"B58177"
"3076";"B51583"
"3077";"B51639"
"3078";"B25536"
"3079";"B25554"
"3080";"B25581"
"3081";"B25586"
"3082";"B25591"
"3083";"A71596"
"3084";"B44623"
"3085";"B44636"
"3086";"C44587"
"3087";"A41327"
"3088";"C30136"
"3089";"C30175"
"3090";"C30188"
"3091";"C30239"
"3092";"C30315"
"3093";"C47596"
"3094";"C47784"
"3095";"C47852"
"3096";"C47885"
"3097";"D13076"
"3098";"D13110"
"3099";"B71026"
"3100";"B10410"
"3101";"C12513"
"3102";"A50091"
"3103";"A50153"
"3104";"C42600"
"3105";"B27161"
"3106";"B27192"
"3107";"C27049"
"3108";"D86740"
"3109";"D86759"
"3110";"B28501"
"3111";"B28575"
"3112";"B28581"
"3113";"B58103"
"3114";"B51593"
"3115";"B51595"
"3116";"B25526"
"3117";"B25570"
"3118";"D17018"
"3119";"D17126"
"3120";"C12027"
"3121";"B44535"
"3122";"C44667"
"3123";"B31107"
"3124";"A41466"
"3125";"C30018"
"3126";"C30023"
"3127";"C30196"
"3128";"C30311"
"3129";"C47876"
"3130";"B71007"
"3131";"C12520"
"3132";"C12524"
"3133";"B42633"
"3134";"C42628"
"3135";"B27032"
"3136";"B28591"
"3137";"B28725"
"3138";"B28731"
"3139";"B58141"
"3140";"B58171"
"3141";"B25532"
"3142";"B25593"
"3143";"D17075"
"3144";"B32742"
"3145";"B44692"
"3146";"C44678"
"3147";"B31133"
"3148";"B31146"
"3149";"C30109"
"3150";"C30123"
"3151";"C30249"
"3152";"C30340"
"3153";"C30359"
"3154";"C30360"
"3155";"C47683"
"3156";"A27594"
"3157";"A27603"
"3158";"B10416"
"3159";"A50222"
"3160";"A72165"
"3161";"B42620"
"3162";"B42658"
"3163";"B27039"
"3164";"B27147"
"3165";"C27091"
"3166";"D86047"
"3167";"D86326"
"3168";"B28577"
"3169";"B58115"
"3170";"D17105"
"3171";"B44532"
"3172";"B44693"
"3173";"C30075"
"3174";"C30179"
"3175";"C30272"
"3176";"C30291"
"3177";"C47839"
"3178";"A27653"
"3179";"B11509"
"3180";"A50002"
"3181";"A50186"
"3182";"B42582"
"3183";"C42562"
"3184";"B27164"
"3185";"C27046"
"3186";"137"
"3187";"170"
"3188";"238"
"3189";"240"
"3190";"B25587"
"3191";"B25606"
"3192";"D12165"
"3193";"B44580"
"3194";"B31021"
"3195";"C13052"
"3196";"C13096"
"3197";"C30088"
"3198";"C30138"
"3199";"C30176"
"3200";"C30251"
"3201";"C30277"
"3202";"C30299"
"3203";"C47736"
"3204";"C47758"
"3205";"C47819"
"3206";"C47966"
"3207";"C47980"
"3208";"D13084"
"3209";"B11678"
"3210";"C12525"
"3211";"A72064"
"3212";"A72066"
"3213";"A72121"
"3214";"B42534"
"3215";"B58153"
"3216";"B51553"
"3217";"B25530"
"3218";"B25567"
"3219";"B25588"
"3220";"D17192"
"3221";"B32744"
"3222";"A41036"
"3223";"C30190"
"3224";"C30323"
"3225";"C47893"
"3226";"A27679"
"3227";"B42659"
"3228";"C42523"
"3229";"A48014"
"3230";"B27011"
"3231";"B27142"
"3232";"C27114"
"3233";"C27166"
"3234";"D86216"
"3235";"B58163"
"3236";"B25527"
"3237";"B25596"
"3238";"B25600"
"3239";"D17020"
"3240";"D87798"
"3241";"B44639"
"3242";"C44568"
"3243";"C30127"
"3244";"C30265"
"3245";"C30287"
"3246";"C47833"
"3247";"C47897"
"3248";"C47971"
"3249";"D13158"
"3250";"A29020"
"3251";"A29147"
"3252";"C42545"
"3253";"C27124"
"3254";"D86076"
"3255";"D86721"
"3256";"D86748"
"3257";"B58188"
"3258";"B25525"
"3259";"B25540"
"3260";"B25557"
"3261";"B25595"
"3262";"B31123"
"3263";"A41126"
"3264";"C30093"
"3265";"C30245"
"3266";"C30332"
"3267";"C47775"
"3268";"A29068"
"3269";"B27055"
"3270";"D86205"
"3271";"B32551"
"3272";"B44582"
"3273";"C30049"
"3274";"C47468"
"3275";"C47551"
"3276";"C47612"
"3277";"C47796"
"3278";"D13278"
"3279";"B10419"
"3280";"B42617"
"3281";"C42547"
"3282";"D86794"
"3283";"B25599"
"3284";"B25612"
"3285";"B32733"
"3286";"B31039"
"3287";"C47690"
"3288";"C47908"
"3289";"B71074"
"3290";"B71133"
"3291";"B25524"
"3292";"D17015"
"3293";"C41407"
"3294";"C30302"
"3295";"C47970"
"3296";"A27616"
"3297";"C50171"
"3298";"D86270"
"3299";"D86714"
"3300";"B28720"
"3301";"B58189"
"3302";"B25535"
"3303";"B25561"
"3304";"B25589"
"3305";"B25604"
"3306";"D87883"
"3307";"C30312"
"3308";"B42585"
"3309";"A48012"
"3310";"B27126"
"3311";"B25520"
"3312";"B25564"
"3313";"B25601"
"3314";"B32773"
"3315";"B31042"
"3316";"A41066"
"3317";"C30005"
"3318";"A27654"
"3319";"B10509"
"3320";"A72143"
"3321";"B27066"
"3322";"B28514"
"3323";"B28734"
"3324";"B25609"
"3325";"C41246"
"3326";"C30310"
"3327";"B10109"
"3328";"B27060"
"3329";"D86705"
"3330";"B28563"
"3331";"B28603"
"3332";"B25556"
"3333";"C13070"
"3334";"B25616"
"3335";"C44515"
"3336";"B71014"
"3337";"A29018"
"3338";"B25533"
"3339";"B25542"
"3340";"B42591"
"3341";"B25511"
"3342";"B25594"
"3343";"B31124"
"3344";"C30007"
"3345";"D13222"
"3346";"A50150"
"3347";"C50073"
"3348";"C27165"
"3349";"D86719"
"3350";"B25534"
"3351";"D17158"
"3352";"B32630"
"3353";"B27076"
"3354";"B27096"
"3355";"B25615"
"3356";"C27090"
"3357";"B25584"
"3358";"B25590"
"3359";"B25611"
"3360";"C12044"
"3361";"D87130"
"3362";"C30144"
"3363";"C47556"
"3364";"B10541"
"3365";"C50162"
"3366";"B25550"
"3367";"B25565"
"3368";"D13149"
"3369";"B25555"
"3370";"B25592"
"3371";"C47815"
"3372";"A27684"
"3373";"C42653"
"3374";"C30020"
"3375";"A29065"
"3376";"B63005"
"3377";"B32794"
"3378";"D12122"
"3379";"B32717"
"3380";"A41191"
"3381";"C47594"
"3382";"A72088"
"3383";"D86791"
"3384";"C47465"
"3385";"C47585"
"3386";"A48038"
"3387";"B27064"
"3388";"B32824"
"3389";"C50122"
"3390";"A48055"
"3391";"A48082"
"3392";"A63540"
"3393";"B51602"
"3394";"C47868"
"3395";"C42623"
"3396";"B32532"
"3397";"B71051"
"3398";"B10080"
"3399";"A29031"
"3400";"B63016"
"3401";"A48052"
"3402";"A48108"
"3403";"A63517"
"3404";"D13341"
"3405";"C42607"
"3406";"A48124"
"3407";"D86704"
"3408";"B42520"
"3409";"B51619"
"3410";"C47581"
"3411";"D13203"
"3412";"A29080"
"3413";"B25610"
"3414";"B44538"
"3415";"B42649"
"3416";"B63098"
"3417";"B58132"
"3418";"D13368"
"3419";"D86191"
"3420";"B63014"
"3421";"A48047"
"3422";"D86203"
"3423";"C47689"
"3424";"A48063"
"3425";"B27012"
"3426";"B11512"
"3427";"B11536"
"3428";"C50039"
"3429";"C50214"
"3430";"B63067"
"3431";"B58061"
"3432";"C50048"
"3433";"D86767"
"3434";"B25552"
"3435";"B25566"
"3436";"D87825"
"3437";"C44530"
"3438";"B71088"
"3439";"D86320"
"3440";"B58205"
"3441";"D86319"
"3442";"A48033"
"3443";"B63003"
"3444";"D86118"
"3445";"D86143"
"3446";"D86257"
"3447";"D86783"
"3448";"D17062"
"3449";"B44557"
"3450";"B63050"
"3451";"D86259"
"3452";"B58067"
"3453";"B58075"
"3454";"B63046"
"3455";"B44618"
"3456";"C44508"
"3457";"D13168"
"3458";"C50215"
"3459";"B58185"
"3460";"B58211"
"3461";"A71504"
"3462";"C42526"
"3463";"D86177"
"3464";"A63521"
"3465";"B63020"
"3466";"B58089"
"3467";"A71502"
"3468";"C42599"
"3469";"D86328"
"3470";"D86777"
"3471";"B58125"
"3472";"D13256"
"3473";"C44597"
"3474";"C47975"
"3475";"B63077"
"3476";"C51641"
"3477";"C12042"
"3478";"D86110"
"3479";"D86188"
"3480";"C30316"
"3481";"C27121"
"3482";"C47624"
"3483";"D86710"
"3484";"C47638"
"3485";"B58214"
"3486";"D86010"
"3487";"A71522"
"3488";"B51565"
"3489";"A41258"
"3490";"C30243"
"3491";"B51519"
"3492";"C47474"
"3493";"C47523"
"3494";"B51627"
"3495";"B44592"
"3496";"C30230"
"3497";"B27026"
"3498";"C30046"
"3499";"B44635"
"3500";"B63078"
"3501";"C47940"
"3502";"C47562"
"3503";"C27086"
"3504";"A41446"
"3505";"B10505"
"3506";"B44631"
"3507";"B42542"
"3508";"B58147"
"3509";"C30083"
"3510";"B28595"
"3511";"C47677"
"3512";"C30285"
"3513";"C42592"
"3514";"B58012"
"3515";"B10100"
"3516";"C47723"
"3517";"C30040"
"3518";"B27159"
"3519";"C47878"
"3520";"B27128"
"3521";"C41294"
"3522";"C30039"
"3523";"C30167"
"3524";"D17083"
"3525";"C47588"
"3526";"B58014"
"3527";"B58110"
"3528";"C41185"
"3529";"C47746"
"3530";"C30094"
"3531";"D13172"
"3532";"B44570"
"3533";"C47564"
"3534";"D13201"
"3535";"D13349"
"3536";"A71620"
"3537";"C41367"
"3538";"C47520"
"3539";"B25538"
"3540";"D13353"
"3541";"C50107"
"3542";"D87740"
"3543";"B58065"
"3544";"B44665"
"3545";"B58167"
"3546";"A48146"
"3547";"B58007"
"3548";"D13502"
"3549";"C42515"
"3550";"B58098"
"3551";"C30306"
"3552";"C47497"
"3553";"D13359"
"3554";"C51631"
"3555";"C13043"
"3556";"C30286"
"3557";"C47653"
"3558";"A48181"
"3559";"A71594"
"3560";"A27574"
"3561";"B58169"
"3562";"C30329"
"3563";"A72042"
"3564";"A50046"
"3565";"B32820"
"3566";"C50192"
"3567";"C51603"
"3568";"C51580"
"3569";"A72125"
"3570";"D13321"
"3571";"B42646"
"3572";"D13342"
"3573";"C51653"
"3574";"C51543"
"3575";"A72111"
"3576";"C30308"
"3577";"C72155"
"3578";"D86316"
"3579";"A29040"
"3580";"D86404"
