"DataCompleta";"Data";"Hora";"Total";"Intersul";"Internorte";"Transcarioca";"SantaCruz";"BRT"
"2019-10-01 00:00:00";"01/10/2019";"00:00";"";"";"";"";"";""
"2019-10-01 01:00:00";"01/10/2019";"01:00";"";"";"";"";"";""
"2019-10-01 02:00:00";"01/10/2019";"02:00";"";"";"";"";"";""
"2019-10-01 03:00:00";"01/10/2019";"03:00";"";"";"";"";"";""
"2019-10-01 04:00:00";"01/10/2019";"04:00";"";"";"";"";"";""
"2019-10-01 05:00:00";"01/10/2019";"05:00";"";"";"";"";"";""
"2019-10-01 06:00:00";"01/10/2019";"06:00";"";"";"";"";"";""
"2019-10-01 07:00:00";"01/10/2019";"07:00";"";"";"";"";"";""
"2019-10-01 08:00:00";"01/10/2019";"08:00";"";"";"";"";"";""
"2019-10-01 09:00:00";"01/10/2019";"09:00";"";"";"";"";"";""
"2019-10-01 10:00:00";"01/10/2019";"10:00";"";"";"";"";"";""
"2019-10-01 11:00:00";"01/10/2019";"11:00";"";"";"";"";"";""
"2019-10-01 12:00:00";"01/10/2019";"12:00";"";"";"";"";"";""
"2019-10-01 13:00:00";"01/10/2019";"13:00";"";"";"";"";"";""
"2019-10-01 14:00:00";"01/10/2019";"14:00";"";"";"";"";"";""
"2019-10-01 15:00:00";"01/10/2019";"15:00";"";"";"";"";"";""
"2019-10-01 16:00:00";"01/10/2019";"16:00";"";"";"";"";"";""
"2019-10-01 17:00:00";"01/10/2019";"17:00";"";"";"";"";"";""
"2019-10-01 18:00:00";"01/10/2019";"18:00";"";"";"";"";"";""
"2019-10-01 19:00:00";"01/10/2019";"19:00";"";"";"";"";"";""
"2019-10-01 20:00:00";"01/10/2019";"20:00";"";"";"";"";"";""
"2019-10-01 21:00:00";"01/10/2019";"21:00";"";"";"";"";"";""
"2019-10-01 22:00:00";"01/10/2019";"22:00";"";"";"";"";"";""
"2019-10-01 23:00:00";"01/10/2019";"23:00";"";"";"";"";"";""
"2019-10-02 00:00:00";"02/10/2019";"00:00";"";"";"";"";"";""
"2019-10-02 01:00:00";"02/10/2019";"01:00";"";"";"";"";"";""
"2019-10-02 02:00:00";"02/10/2019";"02:00";"";"";"";"";"";""
"2019-10-02 03:00:00";"02/10/2019";"03:00";"";"";"";"";"";""
"2019-10-02 04:00:00";"02/10/2019";"04:00";"";"";"";"";"";""
"2019-10-02 05:00:00";"02/10/2019";"05:00";"";"";"";"";"";""
"2019-10-02 06:00:00";"02/10/2019";"06:00";"";"";"";"";"";""
"2019-10-02 07:00:00";"02/10/2019";"07:00";"";"";"";"";"";""
"2019-10-02 08:00:00";"02/10/2019";"08:00";"";"";"";"";"";""
"2019-10-02 09:00:00";"02/10/2019";"09:00";"";"";"";"";"";""
"2019-10-02 10:00:00";"02/10/2019";"10:00";"";"";"";"";"";""
"2019-10-02 11:00:00";"02/10/2019";"11:00";"";"";"";"";"";""
"2019-10-02 12:00:00";"02/10/2019";"12:00";"";"";"";"";"";""
"2019-10-02 13:00:00";"02/10/2019";"13:00";"";"";"";"";"";""
"2019-10-02 14:00:00";"02/10/2019";"14:00";"";"";"";"";"";""
"2019-10-02 15:00:00";"02/10/2019";"15:00";"";"";"";"";"";""
"2019-10-02 16:00:00";"02/10/2019";"16:00";"";"";"";"";"";""
"2019-10-02 17:00:00";"02/10/2019";"17:00";"";"";"";"";"";""
"2019-10-02 18:00:00";"02/10/2019";"18:00";"";"";"";"";"";""
"2019-10-02 19:00:00";"02/10/2019";"19:00";"";"";"";"";"";""
"2019-10-02 20:00:00";"02/10/2019";"20:00";"";"";"";"";"";""
"2019-10-02 21:00:00";"02/10/2019";"21:00";"";"";"";"";"";""
"2019-10-02 22:00:00";"02/10/2019";"22:00";"";"";"";"";"";""
"2019-10-02 23:00:00";"02/10/2019";"23:00";"";"";"";"";"";""
"2019-10-03 00:00:00";"03/10/2019";"00:00";"";"";"";"";"";""
"2019-10-03 01:00:00";"03/10/2019";"01:00";"";"";"";"";"";""
"2019-10-03 02:00:00";"03/10/2019";"02:00";"";"";"";"";"";""
"2019-10-03 03:00:00";"03/10/2019";"03:00";"";"";"";"";"";""
"2019-10-03 04:00:00";"03/10/2019";"04:00";"";"";"";"";"";""
"2019-10-03 05:00:00";"03/10/2019";"05:00";"";"";"";"";"";""
"2019-10-03 06:00:00";"03/10/2019";"06:00";"";"";"";"";"";""
"2019-10-03 07:00:00";"03/10/2019";"07:00";"";"";"";"";"";""
"2019-10-03 08:00:00";"03/10/2019";"08:00";"";"";"";"";"";""
"2019-10-03 09:00:00";"03/10/2019";"09:00";"";"";"";"";"";""
"2019-10-03 10:00:00";"03/10/2019";"10:00";"";"";"";"";"";""
"2019-10-03 11:00:00";"03/10/2019";"11:00";"";"";"";"";"";""
"2019-10-03 12:00:00";"03/10/2019";"12:00";"";"";"";"";"";""
"2019-10-03 13:00:00";"03/10/2019";"13:00";"";"";"";"";"";""
"2019-10-03 14:00:00";"03/10/2019";"14:00";"";"";"";"";"";""
"2019-10-03 15:00:00";"03/10/2019";"15:00";"";"";"";"";"";""
"2019-10-03 16:00:00";"03/10/2019";"16:00";"";"";"";"";"";""
"2019-10-03 17:00:00";"03/10/2019";"17:00";"";"";"";"";"";""
"2019-10-03 18:00:00";"03/10/2019";"18:00";"";"";"";"";"";""
"2019-10-03 19:00:00";"03/10/2019";"19:00";"";"";"";"";"";""
"2019-10-03 20:00:00";"03/10/2019";"20:00";"";"";"";"";"";""
"2019-10-03 21:00:00";"03/10/2019";"21:00";"";"";"";"";"";""
"2019-10-03 22:00:00";"03/10/2019";"22:00";"";"";"";"";"";""
"2019-10-03 23:00:00";"03/10/2019";"23:00";"";"";"";"";"";""
"2019-10-04 00:00:00";"04/10/2019";"00:00";"";"";"";"";"";""
"2019-10-04 01:00:00";"04/10/2019";"01:00";"";"";"";"";"";""
"2019-10-04 02:00:00";"04/10/2019";"02:00";"";"";"";"";"";""
"2019-10-04 03:00:00";"04/10/2019";"03:00";"";"";"";"";"";""
"2019-10-04 04:00:00";"04/10/2019";"04:00";"";"";"";"";"";""
"2019-10-04 05:00:00";"04/10/2019";"05:00";"";"";"";"";"";""
"2019-10-04 06:00:00";"04/10/2019";"06:00";"";"";"";"";"";""
"2019-10-04 07:00:00";"04/10/2019";"07:00";"";"";"";"";"";""
"2019-10-04 08:00:00";"04/10/2019";"08:00";"";"";"";"";"";""
"2019-10-04 09:00:00";"04/10/2019";"09:00";"";"";"";"";"";""
"2019-10-04 10:00:00";"04/10/2019";"10:00";"";"";"";"";"";""
"2019-10-04 11:00:00";"04/10/2019";"11:00";"";"";"";"";"";""
"2019-10-04 12:00:00";"04/10/2019";"12:00";"";"";"";"";"";""
"2019-10-04 13:00:00";"04/10/2019";"13:00";"";"";"";"";"";""
"2019-10-04 14:00:00";"04/10/2019";"14:00";"";"";"";"";"";""
"2019-10-04 15:00:00";"04/10/2019";"15:00";"";"";"";"";"";""
"2019-10-04 16:00:00";"04/10/2019";"16:00";"";"";"";"";"";""
"2019-10-04 17:00:00";"04/10/2019";"17:00";"";"";"";"";"";""
"2019-10-04 18:00:00";"04/10/2019";"18:00";"";"";"";"";"";""
"2019-10-04 19:00:00";"04/10/2019";"19:00";"";"";"";"";"";""
"2019-10-04 20:00:00";"04/10/2019";"20:00";"";"";"";"";"";""
"2019-10-04 21:00:00";"04/10/2019";"21:00";"";"";"";"";"";""
"2019-10-04 22:00:00";"04/10/2019";"22:00";"";"";"";"";"";""
"2019-10-04 23:00:00";"04/10/2019";"23:00";"";"";"";"";"";""
"2019-10-05 00:00:00";"05/10/2019";"00:00";"";"";"";"";"";""
"2019-10-05 01:00:00";"05/10/2019";"01:00";"";"";"";"";"";""
"2019-10-05 02:00:00";"05/10/2019";"02:00";"";"";"";"";"";""
"2019-10-05 03:00:00";"05/10/2019";"03:00";"";"";"";"";"";""
"2019-10-05 04:00:00";"05/10/2019";"04:00";"";"";"";"";"";""
"2019-10-05 05:00:00";"05/10/2019";"05:00";"";"";"";"";"";""
"2019-10-05 06:00:00";"05/10/2019";"06:00";"";"";"";"";"";""
"2019-10-05 07:00:00";"05/10/2019";"07:00";"";"";"";"";"";""
"2019-10-05 08:00:00";"05/10/2019";"08:00";"";"";"";"";"";""
"2019-10-05 09:00:00";"05/10/2019";"09:00";"";"";"";"";"";""
"2019-10-05 10:00:00";"05/10/2019";"10:00";"";"";"";"";"";""
"2019-10-05 11:00:00";"05/10/2019";"11:00";"";"";"";"";"";""
"2019-10-05 12:00:00";"05/10/2019";"12:00";"";"";"";"";"";""
"2019-10-05 13:00:00";"05/10/2019";"13:00";"";"";"";"";"";""
"2019-10-05 14:00:00";"05/10/2019";"14:00";"";"";"";"";"";""
"2019-10-05 15:00:00";"05/10/2019";"15:00";"";"";"";"";"";""
"2019-10-05 16:00:00";"05/10/2019";"16:00";"";"";"";"";"";""
"2019-10-05 17:00:00";"05/10/2019";"17:00";"";"";"";"";"";""
"2019-10-05 18:00:00";"05/10/2019";"18:00";"";"";"";"";"";""
"2019-10-05 19:00:00";"05/10/2019";"19:00";"";"";"";"";"";""
"2019-10-05 20:00:00";"05/10/2019";"20:00";"";"";"";"";"";""
"2019-10-05 21:00:00";"05/10/2019";"21:00";"";"";"";"";"";""
"2019-10-05 22:00:00";"05/10/2019";"22:00";"";"";"";"";"";""
"2019-10-05 23:00:00";"05/10/2019";"23:00";"";"";"";"";"";""
"2019-10-06 00:00:00";"06/10/2019";"00:00";"";"";"";"";"";""
"2019-10-06 01:00:00";"06/10/2019";"01:00";"";"";"";"";"";""
"2019-10-06 02:00:00";"06/10/2019";"02:00";"";"";"";"";"";""
"2019-10-06 03:00:00";"06/10/2019";"03:00";"";"";"";"";"";""
"2019-10-06 04:00:00";"06/10/2019";"04:00";"";"";"";"";"";""
"2019-10-06 05:00:00";"06/10/2019";"05:00";"";"";"";"";"";""
"2019-10-06 06:00:00";"06/10/2019";"06:00";"";"";"";"";"";""
"2019-10-06 07:00:00";"06/10/2019";"07:00";"";"";"";"";"";""
"2019-10-06 08:00:00";"06/10/2019";"08:00";"";"";"";"";"";""
"2019-10-06 09:00:00";"06/10/2019";"09:00";"";"";"";"";"";""
"2019-10-06 10:00:00";"06/10/2019";"10:00";"";"";"";"";"";""
"2019-10-06 11:00:00";"06/10/2019";"11:00";"";"";"";"";"";""
"2019-10-06 12:00:00";"06/10/2019";"12:00";"";"";"";"";"";""
"2019-10-06 13:00:00";"06/10/2019";"13:00";"";"";"";"";"";""
"2019-10-06 14:00:00";"06/10/2019";"14:00";"";"";"";"";"";""
"2019-10-06 15:00:00";"06/10/2019";"15:00";"";"";"";"";"";""
"2019-10-06 16:00:00";"06/10/2019";"16:00";"";"";"";"";"";""
"2019-10-06 17:00:00";"06/10/2019";"17:00";"";"";"";"";"";""
"2019-10-06 18:00:00";"06/10/2019";"18:00";"";"";"";"";"";""
"2019-10-06 19:00:00";"06/10/2019";"19:00";"";"";"";"";"";""
"2019-10-06 20:00:00";"06/10/2019";"20:00";"";"";"";"";"";""
"2019-10-06 21:00:00";"06/10/2019";"21:00";"";"";"";"";"";""
"2019-10-06 22:00:00";"06/10/2019";"22:00";"";"";"";"";"";""
"2019-10-06 23:00:00";"06/10/2019";"23:00";"";"";"";"";"";""
"2019-10-07 00:00:00";"07/10/2019";"00:00";"";"";"";"";"";""
"2019-10-07 01:00:00";"07/10/2019";"01:00";"";"";"";"";"";""
"2019-10-07 02:00:00";"07/10/2019";"02:00";"";"";"";"";"";""
"2019-10-07 03:00:00";"07/10/2019";"03:00";"";"";"";"";"";""
"2019-10-07 04:00:00";"07/10/2019";"04:00";"";"";"";"";"";""
"2019-10-07 05:00:00";"07/10/2019";"05:00";"";"";"";"";"";""
"2019-10-07 06:00:00";"07/10/2019";"06:00";"";"";"";"";"";""
"2019-10-07 07:00:00";"07/10/2019";"07:00";"";"";"";"";"";""
"2019-10-07 08:00:00";"07/10/2019";"08:00";"";"";"";"";"";""
"2019-10-07 09:00:00";"07/10/2019";"09:00";"";"";"";"";"";""
"2019-10-07 10:00:00";"07/10/2019";"10:00";"";"";"";"";"";""
"2019-10-07 11:00:00";"07/10/2019";"11:00";"";"";"";"";"";""
"2019-10-07 12:00:00";"07/10/2019";"12:00";"";"";"";"";"";""
"2019-10-07 13:00:00";"07/10/2019";"13:00";"";"";"";"";"";""
"2019-10-07 14:00:00";"07/10/2019";"14:00";"";"";"";"";"";""
"2019-10-07 15:00:00";"07/10/2019";"15:00";"";"";"";"";"";""
"2019-10-07 16:00:00";"07/10/2019";"16:00";"";"";"";"";"";""
"2019-10-07 17:00:00";"07/10/2019";"17:00";"";"";"";"";"";""
"2019-10-07 18:00:00";"07/10/2019";"18:00";"";"";"";"";"";""
"2019-10-07 19:00:00";"07/10/2019";"19:00";"";"";"";"";"";""
"2019-10-07 20:00:00";"07/10/2019";"20:00";"";"";"";"";"";""
"2019-10-07 21:00:00";"07/10/2019";"21:00";"";"";"";"";"";""
"2019-10-07 22:00:00";"07/10/2019";"22:00";"";"";"";"";"";""
"2019-10-07 23:00:00";"07/10/2019";"23:00";"";"";"";"";"";""
"2019-10-08 00:00:00";"08/10/2019";"00:00";"";"";"";"";"";""
"2019-10-08 01:00:00";"08/10/2019";"01:00";"";"";"";"";"";""
"2019-10-08 02:00:00";"08/10/2019";"02:00";"";"";"";"";"";""
"2019-10-08 03:00:00";"08/10/2019";"03:00";"";"";"";"";"";""
"2019-10-08 04:00:00";"08/10/2019";"04:00";"";"";"";"";"";""
"2019-10-08 05:00:00";"08/10/2019";"05:00";"";"";"";"";"";""
"2019-10-08 06:00:00";"08/10/2019";"06:00";"";"";"";"";"";""
"2019-10-08 07:00:00";"08/10/2019";"07:00";"";"";"";"";"";""
"2019-10-08 08:00:00";"08/10/2019";"08:00";"";"";"";"";"";""
"2019-10-08 09:00:00";"08/10/2019";"09:00";"";"";"";"";"";""
"2019-10-08 10:00:00";"08/10/2019";"10:00";"";"";"";"";"";""
"2019-10-08 11:00:00";"08/10/2019";"11:00";"";"";"";"";"";""
"2019-10-08 12:00:00";"08/10/2019";"12:00";"";"";"";"";"";""
"2019-10-08 13:00:00";"08/10/2019";"13:00";"";"";"";"";"";""
"2019-10-08 14:00:00";"08/10/2019";"14:00";"";"";"";"";"";""
"2019-10-08 15:00:00";"08/10/2019";"15:00";"";"";"";"";"";""
"2019-10-08 16:00:00";"08/10/2019";"16:00";"";"";"";"";"";""
"2019-10-08 17:00:00";"08/10/2019";"17:00";"";"";"";"";"";""
"2019-10-08 18:00:00";"08/10/2019";"18:00";"";"";"";"";"";""
"2019-10-08 19:00:00";"08/10/2019";"19:00";"3201";"426";"1009";"1172";"584";"10"
"2019-10-08 20:00:00";"08/10/2019";"20:00";"2985";"378";"975";"1073";"554";"5"
"2019-10-08 21:00:00";"08/10/2019";"21:00";"";"";"";"";"";""
"2019-10-08 22:00:00";"08/10/2019";"22:00";"";"";"";"";"";""
"2019-10-08 23:00:00";"08/10/2019";"23:00";"";"";"";"";"";""
"2019-10-09 00:00:00";"09/10/2019";"00:00";"";"";"";"";"";""
"2019-10-09 01:00:00";"09/10/2019";"01:00";"";"";"";"";"";""
"2019-10-09 02:00:00";"09/10/2019";"02:00";"";"";"";"";"";""
"2019-10-09 03:00:00";"09/10/2019";"03:00";"";"";"";"";"";""
"2019-10-09 04:00:00";"09/10/2019";"04:00";"";"";"";"";"";""
"2019-10-09 05:00:00";"09/10/2019";"05:00";"";"";"";"";"";""
"2019-10-09 06:00:00";"09/10/2019";"06:00";"";"";"";"";"";""
"2019-10-09 07:00:00";"09/10/2019";"07:00";"";"";"";"";"";""
"2019-10-09 08:00:00";"09/10/2019";"08:00";"";"";"";"";"";""
"2019-10-09 09:00:00";"09/10/2019";"09:00";"";"";"";"";"";""
"2019-10-09 10:00:00";"09/10/2019";"10:00";"";"";"";"";"";""
"2019-10-09 11:00:00";"09/10/2019";"11:00";"";"";"";"";"";""
"2019-10-09 12:00:00";"09/10/2019";"12:00";"";"";"";"";"";""
"2019-10-09 13:00:00";"09/10/2019";"13:00";"";"";"";"";"";""
"2019-10-09 14:00:00";"09/10/2019";"14:00";"";"";"";"";"";""
"2019-10-09 15:00:00";"09/10/2019";"15:00";"";"";"";"";"";""
"2019-10-09 16:00:00";"09/10/2019";"16:00";"";"";"";"";"";""
"2019-10-09 17:00:00";"09/10/2019";"17:00";"3103";"430";"1018";"1083";"565";"7"
"2019-10-09 18:00:00";"09/10/2019";"18:00";"3191";"427";"1021";"1146";"588";"9"
"2019-10-09 19:00:00";"09/10/2019";"19:00";"";"";"";"";"";""
"2019-10-09 20:00:00";"09/10/2019";"20:00";"";"";"";"";"";""
"2019-10-09 21:00:00";"09/10/2019";"21:00";"";"";"";"";"";""
"2019-10-09 22:00:00";"09/10/2019";"22:00";"";"";"";"";"";""
"2019-10-09 23:00:00";"09/10/2019";"23:00";"";"";"";"";"";""
"2019-10-10 00:00:00";"10/10/2019";"00:00";"";"";"";"";"";""
"2019-10-10 01:00:00";"10/10/2019";"01:00";"";"";"";"";"";""
"2019-10-10 02:00:00";"10/10/2019";"02:00";"";"";"";"";"";""
"2019-10-10 03:00:00";"10/10/2019";"03:00";"";"";"";"";"";""
"2019-10-10 04:00:00";"10/10/2019";"04:00";"";"";"";"";"";""
"2019-10-10 05:00:00";"10/10/2019";"05:00";"";"";"";"";"";""
"2019-10-10 06:00:00";"10/10/2019";"06:00";"";"";"";"";"";""
"2019-10-10 07:00:00";"10/10/2019";"07:00";"";"";"";"";"";""
"2019-10-10 08:00:00";"10/10/2019";"08:00";"";"";"";"";"";""
"2019-10-10 09:00:00";"10/10/2019";"09:00";"";"";"";"";"";""
"2019-10-10 10:00:00";"10/10/2019";"10:00";"";"";"";"";"";""
"2019-10-10 11:00:00";"10/10/2019";"11:00";"";"";"";"";"";""
"2019-10-10 12:00:00";"10/10/2019";"12:00";"";"";"";"";"";""
"2019-10-10 13:00:00";"10/10/2019";"13:00";"";"";"";"";"";""
"2019-10-10 14:00:00";"10/10/2019";"14:00";"";"";"";"";"";""
"2019-10-10 15:00:00";"10/10/2019";"15:00";"2928";"417";"991";"991";"521";"8"
"2019-10-10 16:00:00";"10/10/2019";"16:00";"";"";"";"";"";""
"2019-10-10 17:00:00";"10/10/2019";"17:00";"";"";"";"";"";""
"2019-10-10 18:00:00";"10/10/2019";"18:00";"";"";"";"";"";""
"2019-10-10 19:00:00";"10/10/2019";"19:00";"";"";"";"";"";""
"2019-10-10 20:00:00";"10/10/2019";"20:00";"";"";"";"";"";""
"2019-10-10 21:00:00";"10/10/2019";"21:00";"";"";"";"";"";""
"2019-10-10 22:00:00";"10/10/2019";"22:00";"";"";"";"";"";""
"2019-10-10 23:00:00";"10/10/2019";"23:00";"";"";"";"";"";""
"2019-10-11 00:00:00";"11/10/2019";"00:00";"";"";"";"";"";""
"2019-10-11 01:00:00";"11/10/2019";"01:00";"";"";"";"";"";""
"2019-10-11 02:00:00";"11/10/2019";"02:00";"9";"1";"1";"0";"7";"0"
"2019-10-11 03:00:00";"11/10/2019";"03:00";"";"";"";"";"";""
"2019-10-11 04:00:00";"11/10/2019";"04:00";"144";"4";"33";"43";"62";"2"
"2019-10-11 05:00:00";"11/10/2019";"05:00";"769";"39";"238";"229";"257";"6"
"2019-10-11 06:00:00";"11/10/2019";"06:00";"1805";"119";"613";"601";"464";"8"
"2019-10-11 07:00:00";"11/10/2019";"07:00";"2592";"187";"944";"888";"563";"10"
"2019-10-11 08:00:00";"11/10/2019";"08:00";"3053";"383";"1052";"1012";"596";"10"
"2019-10-11 09:00:00";"11/10/2019";"09:00";"3225";"428";"1054";"1121";"612";"10"
"2019-10-11 10:00:00";"11/10/2019";"10:00";"";"";"";"";"";""
"2019-10-11 11:00:00";"11/10/2019";"11:00";"";"";"";"";"";""
"2019-10-11 12:00:00";"11/10/2019";"12:00";"3069";"424";"1047";"1028";"561";"9"
"2019-10-11 13:00:00";"11/10/2019";"13:00";"2992";"418";"1019";"1006";"543";"6"
"2019-10-11 14:00:00";"11/10/2019";"14:00";"2936";"406";"1001";"997";"526";"6"
"2019-10-11 15:00:00";"11/10/2019";"15:00";"2984";"418";"1001";"1016";"543";"6"
"2019-10-11 16:00:00";"11/10/2019";"16:00";"3091";"431";"1022";"1054";"576";"8"
"2019-10-11 17:00:00";"11/10/2019";"17:00";"3188";"438";"1035";"1121";"584";"10"
"2019-10-11 18:00:00";"11/10/2019";"18:00";"3278";"435";"1055";"1179";"600";"9"
"2019-10-11 19:00:00";"11/10/2019";"19:00";"3671";"723";"1080";"1252";"606";"10"
"2019-10-11 20:00:00";"11/10/2019";"20:00";"3455";"677";"1053";"1142";"574";"9"
"2019-10-11 21:00:00";"11/10/2019";"21:00";"";"";"";"";"";""
"2019-10-11 22:00:00";"11/10/2019";"22:00";"";"";"";"";"";""
"2019-10-11 23:00:00";"11/10/2019";"23:00";"";"";"";"";"";""
"2019-10-12 00:00:00";"12/10/2019";"00:00";"";"";"";"";"";""
"2019-10-12 01:00:00";"12/10/2019";"01:00";"42";"1";"1";"0";"40";"0"
"2019-10-12 02:00:00";"12/10/2019";"02:00";"31";"1";"2";"0";"28";"0"
"2019-10-12 03:00:00";"12/10/2019";"03:00";"";"";"";"";"";""
"2019-10-12 04:00:00";"12/10/2019";"04:00";"";"";"";"";"";""
"2019-10-12 05:00:00";"12/10/2019";"05:00";"";"";"";"";"";""
"2019-10-12 06:00:00";"12/10/2019";"06:00";"";"";"";"";"";""
"2019-10-12 07:00:00";"12/10/2019";"07:00";"";"";"";"";"";""
"2019-10-12 08:00:00";"12/10/2019";"08:00";"";"";"";"";"";""
"2019-10-12 09:00:00";"12/10/2019";"09:00";"";"";"";"";"";""
"2019-10-12 10:00:00";"12/10/2019";"10:00";"";"";"";"";"";""
"2019-10-12 11:00:00";"12/10/2019";"11:00";"1695";"269";"560";"527";"334";"5"
"2019-10-12 12:00:00";"12/10/2019";"12:00";"1699";"264";"561";"538";"331";"5"
"2019-10-12 13:00:00";"12/10/2019";"13:00";"1706";"267";"570";"539";"325";"5"
"2019-10-12 14:00:00";"12/10/2019";"14:00";"1694";"264";"574";"531";"320";"5"
"2019-10-12 15:00:00";"12/10/2019";"15:00";"1669";"260";"560";"535";"310";"4"
"2019-10-12 16:00:00";"12/10/2019";"16:00";"1669";"263";"544";"551";"307";"4"
"2019-10-12 17:00:00";"12/10/2019";"17:00";"1707";"265";"562";"571";"304";"5"
"2019-10-12 18:00:00";"12/10/2019";"18:00";"1735";"262";"585";"577";"306";"5"
"2019-10-12 19:00:00";"12/10/2019";"19:00";"";"";"";"";"";""
"2019-10-12 20:00:00";"12/10/2019";"20:00";"1675";"241";"543";"572";"315";"4"
"2019-10-12 21:00:00";"12/10/2019";"21:00";"1492";"202";"484";"507";"296";"3"
"2019-10-12 22:00:00";"12/10/2019";"22:00";"1212";"170";"379";"413";"247";"3"
"2019-10-12 23:00:00";"12/10/2019";"23:00";"880";"123";"266";"305";"184";"2"
"2019-10-13 00:00:00";"13/10/2019";"00:00";"";"";"";"";"";""
"2019-10-13 01:00:00";"13/10/2019";"01:00";"";"";"";"";"";""
"2019-10-13 02:00:00";"13/10/2019";"02:00";"14";"3";"0";"0";"11";"0"
"2019-10-13 03:00:00";"13/10/2019";"03:00";"";"";"";"";"";""
"2019-10-13 04:00:00";"13/10/2019";"04:00";"";"";"";"";"";""
"2019-10-13 05:00:00";"13/10/2019";"05:00";"";"";"";"";"";""
"2019-10-13 06:00:00";"13/10/2019";"06:00";"";"";"";"";"";""
"2019-10-13 07:00:00";"13/10/2019";"07:00";"";"";"";"";"";""
"2019-10-13 08:00:00";"13/10/2019";"08:00";"";"";"";"";"";""
"2019-10-13 09:00:00";"13/10/2019";"09:00";"";"";"";"";"";""
"2019-10-13 10:00:00";"13/10/2019";"10:00";"";"";"";"";"";""
"2019-10-13 11:00:00";"13/10/2019";"11:00";"";"";"";"";"";""
"2019-10-13 12:00:00";"13/10/2019";"12:00";"";"";"";"";"";""
"2019-10-13 13:00:00";"13/10/2019";"13:00";"";"";"";"";"";""
"2019-10-13 14:00:00";"13/10/2019";"14:00";"1504";"225";"488";"508";"279";"4"
"2019-10-13 15:00:00";"13/10/2019";"15:00";"1482";"222";"472";"509";"276";"3"
"2019-10-13 16:00:00";"13/10/2019";"16:00";"1505";"224";"478";"523";"275";"5"
"2019-10-13 17:00:00";"13/10/2019";"17:00";"1537";"223";"488";"548";"273";"5"
"2019-10-13 18:00:00";"13/10/2019";"18:00";"1569";"214";"501";"576";"273";"5"
"2019-10-13 19:00:00";"13/10/2019";"19:00";"1540";"212";"486";"557";"280";"5"
"2019-10-13 20:00:00";"13/10/2019";"20:00";"1482";"213";"462";"524";"278";"5"
"2019-10-13 21:00:00";"13/10/2019";"21:00";"1302";"188";"395";"456";"259";"4"
"2019-10-13 22:00:00";"13/10/2019";"22:00";"1052";"145";"308";"371";"225";"3"
"2019-10-13 23:00:00";"13/10/2019";"23:00";"";"";"";"";"";""
"2019-10-14 00:00:00";"14/10/2019";"00:00";"461";"52";"124";"153";"130";"2"
"2019-10-14 01:00:00";"14/10/2019";"01:00";"";"";"";"";"";""
"2019-10-14 02:00:00";"14/10/2019";"02:00";"";"";"";"";"";""
"2019-10-14 03:00:00";"14/10/2019";"03:00";"";"";"";"";"";""
"2019-10-14 04:00:00";"14/10/2019";"04:00";"";"";"";"";"";""
"2019-10-14 05:00:00";"14/10/2019";"05:00";"";"";"";"";"";""
"2019-10-14 06:00:00";"14/10/2019";"06:00";"";"";"";"";"";""
"2019-10-14 07:00:00";"14/10/2019";"07:00";"";"";"";"";"";""
"2019-10-14 08:00:00";"14/10/2019";"08:00";"";"";"";"";"";""
"2019-10-14 09:00:00";"14/10/2019";"09:00";"";"";"";"";"";""
"2019-10-14 10:00:00";"14/10/2019";"10:00";"";"";"";"";"";""
"2019-10-14 11:00:00";"14/10/2019";"11:00";"";"";"";"";"";""
"2019-10-14 12:00:00";"14/10/2019";"12:00";"";"";"";"";"";""
"2019-10-14 13:00:00";"14/10/2019";"13:00";"3451";"740";"1087";"1092";"523";"9"
"2019-10-14 14:00:00";"14/10/2019";"14:00";"3418";"747";"1078";"1070";"514";"9"
"2019-10-14 15:00:00";"14/10/2019";"15:00";"3466";"751";"1067";"1118";"522";"8"
"2019-10-14 16:00:00";"14/10/2019";"16:00";"3576";"750";"1085";"1175";"557";"9"
"2019-10-14 17:00:00";"14/10/2019";"17:00";"3673";"756";"1108";"1219";"581";"9"
"2019-10-14 18:00:00";"14/10/2019";"18:00";"3753";"752";"1128";"1258";"605";"10"
"2019-10-14 19:00:00";"14/10/2019";"19:00";"3665";"724";"1100";"1237";"594";"10"
"2019-10-14 20:00:00";"14/10/2019";"20:00";"3362";"682";"1029";"1098";"545";"8"
"2019-10-14 21:00:00";"14/10/2019";"21:00";"";"";"";"";"";""
"2019-10-14 22:00:00";"14/10/2019";"22:00";"";"";"";"";"";""
"2019-10-14 23:00:00";"14/10/2019";"23:00";"";"";"";"";"";""
"2019-10-15 00:00:00";"15/10/2019";"00:00";"";"";"";"";"";""
"2019-10-15 01:00:00";"15/10/2019";"01:00";"17";"1";"0";"1";"15";"0"
"2019-10-15 02:00:00";"15/10/2019";"02:00";"25";"1";"0";"1";"23";"0"
"2019-10-15 03:00:00";"15/10/2019";"03:00";"";"";"";"";"";""
"2019-10-15 04:00:00";"15/10/2019";"04:00";"159";"5";"38";"46";"69";"1"
"2019-10-15 05:00:00";"15/10/2019";"05:00";"905";"114";"277";"245";"263";"6"
"2019-10-15 06:00:00";"15/10/2019";"06:00";"2183";"309";"682";"703";"481";"8"
"2019-10-15 07:00:00";"15/10/2019";"07:00";"3080";"471";"1012";"1000";"587";"10"
"2019-10-15 08:00:00";"15/10/2019";"08:00";"3441";"605";"1113";"1107";"606";"10"
"2019-10-15 09:00:00";"15/10/2019";"09:00";"3590";"733";"1120";"1126";"601";"10"
"2019-10-15 10:00:00";"15/10/2019";"10:00";"3600";"734";"1131";"1153";"572";"10"
"2019-10-15 11:00:00";"15/10/2019";"11:00";"3561";"741";"1135";"1123";"553";"9"
"2019-10-15 12:00:00";"15/10/2019";"12:00";"3508";"737";"1133";"1091";"538";"9"
"2019-10-15 13:00:00";"15/10/2019";"13:00";"3442";"739";"1112";"1065";"517";"9"
"2019-10-15 14:00:00";"15/10/2019";"14:00";"3507";"737";"1199";"1059";"503";"9"
"2019-10-15 15:00:00";"15/10/2019";"15:00";"3400";"733";"1066";"1070";"521";"10"
"2019-10-15 16:00:00";"15/10/2019";"16:00";"3534";"741";"1093";"1136";"554";"10"
"2019-10-15 17:00:00";"15/10/2019";"17:00";"3638";"737";"1107";"1200";"584";"10"
"2019-10-15 18:00:00";"15/10/2019";"18:00";"3698";"732";"1115";"1238";"603";"10"
"2019-10-15 19:00:00";"15/10/2019";"19:00";"";"";"";"";"";""
"2019-10-15 20:00:00";"15/10/2019";"20:00";"";"";"";"";"";""
"2019-10-15 21:00:00";"15/10/2019";"21:00";"";"";"";"";"";""
"2019-10-15 22:00:00";"15/10/2019";"22:00";"";"";"";"";"";""
"2019-10-15 23:00:00";"15/10/2019";"23:00";"";"";"";"";"";""
"2019-10-16 00:00:00";"16/10/2019";"00:00";"";"";"";"";"";""
"2019-10-16 01:00:00";"16/10/2019";"01:00";"";"";"";"";"";""
"2019-10-16 02:00:00";"16/10/2019";"02:00";"";"";"";"";"";""
"2019-10-16 03:00:00";"16/10/2019";"03:00";"";"";"";"";"";""
"2019-10-16 04:00:00";"16/10/2019";"04:00";"";"";"";"";"";""
"2019-10-16 05:00:00";"16/10/2019";"05:00";"";"";"";"";"";""
"2019-10-16 06:00:00";"16/10/2019";"06:00";"";"";"";"";"";""
"2019-10-16 07:00:00";"16/10/2019";"07:00";"";"";"";"";"";""
"2019-10-16 08:00:00";"16/10/2019";"08:00";"";"";"";"";"";""
"2019-10-16 09:00:00";"16/10/2019";"09:00";"";"";"";"";"";""
"2019-10-16 10:00:00";"16/10/2019";"10:00";"";"";"";"";"";""
"2019-10-16 11:00:00";"16/10/2019";"11:00";"";"";"";"";"";""
"2019-10-16 12:00:00";"16/10/2019";"12:00";"";"";"";"";"";""
"2019-10-16 13:00:00";"16/10/2019";"13:00";"";"";"";"";"";""
"2019-10-16 14:00:00";"16/10/2019";"14:00";"";"";"";"";"";""
"2019-10-16 15:00:00";"16/10/2019";"15:00";"";"";"";"";"";""
"2019-10-16 16:00:00";"16/10/2019";"16:00";"";"";"";"";"";""
"2019-10-16 17:00:00";"16/10/2019";"17:00";"";"";"";"";"";""
"2019-10-16 18:00:00";"16/10/2019";"18:00";"";"";"";"";"";""
"2019-10-16 19:00:00";"16/10/2019";"19:00";"";"";"";"";"";""
"2019-10-16 20:00:00";"16/10/2019";"20:00";"";"";"";"";"";""
"2019-10-16 21:00:00";"16/10/2019";"21:00";"";"";"";"";"";""
"2019-10-16 22:00:00";"16/10/2019";"22:00";"";"";"";"";"";""
"2019-10-16 23:00:00";"16/10/2019";"23:00";"";"";"";"";"";""
"2019-10-17 00:00:00";"17/10/2019";"00:00";"";"";"";"";"";""
"2019-10-17 01:00:00";"17/10/2019";"01:00";"";"";"";"";"";""
"2019-10-17 02:00:00";"17/10/2019";"02:00";"";"";"";"";"";""
"2019-10-17 03:00:00";"17/10/2019";"03:00";"";"";"";"";"";""
"2019-10-17 04:00:00";"17/10/2019";"04:00";"";"";"";"";"";""
"2019-10-17 05:00:00";"17/10/2019";"05:00";"";"";"";"";"";""
"2019-10-17 06:00:00";"17/10/2019";"06:00";"";"";"";"";"";""
"2019-10-17 07:00:00";"17/10/2019";"07:00";"";"";"";"";"";""
"2019-10-17 08:00:00";"17/10/2019";"08:00";"";"";"";"";"";""
"2019-10-17 09:00:00";"17/10/2019";"09:00";"";"";"";"";"";""
"2019-10-17 10:00:00";"17/10/2019";"10:00";"";"";"";"";"";""
"2019-10-17 11:00:00";"17/10/2019";"11:00";"";"";"";"";"";""
"2019-10-17 12:00:00";"17/10/2019";"12:00";"";"";"";"";"";""
"2019-10-17 13:00:00";"17/10/2019";"13:00";"";"";"";"";"";""
"2019-10-17 14:00:00";"17/10/2019";"14:00";"";"";"";"";"";""
"2019-10-17 15:00:00";"17/10/2019";"15:00";"";"";"";"";"";""
"2019-10-17 16:00:00";"17/10/2019";"16:00";"";"";"";"";"";""
"2019-10-17 17:00:00";"17/10/2019";"17:00";"";"";"";"";"";""
"2019-10-17 18:00:00";"17/10/2019";"18:00";"";"";"";"";"";""
"2019-10-17 19:00:00";"17/10/2019";"19:00";"3819";"772";"1136";"1277";"625";"9"
"2019-10-17 20:00:00";"17/10/2019";"20:00";"3564";"731";"1065";"1170";"591";"7"
"2019-10-17 21:00:00";"17/10/2019";"21:00";"";"";"";"";"";""
"2019-10-17 22:00:00";"17/10/2019";"22:00";"";"";"";"";"";""
"2019-10-17 23:00:00";"17/10/2019";"23:00";"";"";"";"";"";""
"2019-10-18 00:00:00";"18/10/2019";"00:00";"";"";"";"";"";""
"2019-10-18 01:00:00";"18/10/2019";"01:00";"";"";"";"";"";""
"2019-10-18 02:00:00";"18/10/2019";"02:00";"";"";"";"";"";""
"2019-10-18 03:00:00";"18/10/2019";"03:00";"";"";"";"";"";""
"2019-10-18 04:00:00";"18/10/2019";"04:00";"";"";"";"";"";""
"2019-10-18 05:00:00";"18/10/2019";"05:00";"";"";"";"";"";""
"2019-10-18 06:00:00";"18/10/2019";"06:00";"";"";"";"";"";""
"2019-10-18 07:00:00";"18/10/2019";"07:00";"";"";"";"";"";""
"2019-10-18 08:00:00";"18/10/2019";"08:00";"";"";"";"";"";""
"2019-10-18 09:00:00";"18/10/2019";"09:00";"";"";"";"";"";""
"2019-10-18 10:00:00";"18/10/2019";"10:00";"";"";"";"";"";""
"2019-10-18 11:00:00";"18/10/2019";"11:00";"";"";"";"";"";""
"2019-10-18 12:00:00";"18/10/2019";"12:00";"";"";"";"";"";""
"2019-10-18 13:00:00";"18/10/2019";"13:00";"3582";"761";"1143";"1124";"545";"9"
"2019-10-18 14:00:00";"18/10/2019";"14:00";"3540";"760";"1119";"1118";"534";"9"
"2019-10-18 15:00:00";"18/10/2019";"15:00";"3584";"774";"1116";"1136";"549";"9"
"2019-10-18 16:00:00";"18/10/2019";"16:00";"3646";"776";"1107";"1188";"566";"9"
"2019-10-18 17:00:00";"18/10/2019";"17:00";"3758";"778";"1138";"1242";"591";"9"
"2019-10-18 18:00:00";"18/10/2019";"18:00";"3814";"767";"1154";"1283";"601";"9"
"2019-10-18 19:00:00";"18/10/2019";"19:00";"3771";"759";"1140";"1270";"595";"7"
"2019-10-18 20:00:00";"18/10/2019";"20:00";"";"";"";"";"";""
"2019-10-18 21:00:00";"18/10/2019";"21:00";"";"";"";"";"";""
"2019-10-18 22:00:00";"18/10/2019";"22:00";"";"";"";"";"";""
"2019-10-18 23:00:00";"18/10/2019";"23:00";"";"";"";"";"";""
"2019-10-19 00:00:00";"19/10/2019";"00:00";"";"";"";"";"";""
"2019-10-19 01:00:00";"19/10/2019";"01:00";"";"";"";"";"";""
"2019-10-19 02:00:00";"19/10/2019";"02:00";"";"";"";"";"";""
"2019-10-19 03:00:00";"19/10/2019";"03:00";"";"";"";"";"";""
"2019-10-19 04:00:00";"19/10/2019";"04:00";"";"";"";"";"";""
"2019-10-19 05:00:00";"19/10/2019";"05:00";"";"";"";"";"";""
"2019-10-19 06:00:00";"19/10/2019";"06:00";"";"";"";"";"";""
"2019-10-19 07:00:00";"19/10/2019";"07:00";"";"";"";"";"";""
"2019-10-19 08:00:00";"19/10/2019";"08:00";"";"";"";"";"";""
"2019-10-19 09:00:00";"19/10/2019";"09:00";"";"";"";"";"";""
"2019-10-19 10:00:00";"19/10/2019";"10:00";"";"";"";"";"";""
"2019-10-19 11:00:00";"19/10/2019";"11:00";"";"";"";"";"";""
"2019-10-19 12:00:00";"19/10/2019";"12:00";"";"";"";"";"";""
"2019-10-19 13:00:00";"19/10/2019";"13:00";"";"";"";"";"";""
"2019-10-19 14:00:00";"19/10/2019";"14:00";"2326";"362";"811";"750";"399";"4"
"2019-10-19 15:00:00";"19/10/2019";"15:00";"2258";"353";"781";"732";"388";"4"
"2019-10-19 16:00:00";"19/10/2019";"16:00";"2245";"345";"772";"730";"394";"4"
"2019-10-19 17:00:00";"19/10/2019";"17:00";"2252";"337";"765";"743";"402";"5"
"2019-10-19 18:00:00";"19/10/2019";"18:00";"2263";"335";"768";"748";"407";"5"
"2019-10-19 19:00:00";"19/10/2019";"19:00";"2213";"325";"743";"742";"398";"5"
"2019-10-19 20:00:00";"19/10/2019";"20:00";"2074";"309";"681";"699";"380";"5"
"2019-10-19 21:00:00";"19/10/2019";"21:00";"";"";"";"";"";""
"2019-10-19 22:00:00";"19/10/2019";"22:00";"";"";"";"";"";""
"2019-10-19 23:00:00";"19/10/2019";"23:00";"";"";"";"";"";""
"2019-10-20 00:00:00";"20/10/2019";"00:00";"";"";"";"";"";""
"2019-10-20 01:00:00";"20/10/2019";"01:00";"";"";"";"";"";""
"2019-10-20 02:00:00";"20/10/2019";"02:00";"";"";"";"";"";""
"2019-10-20 03:00:00";"20/10/2019";"03:00";"";"";"";"";"";""
"2019-10-20 04:00:00";"20/10/2019";"04:00";"";"";"";"";"";""
"2019-10-20 05:00:00";"20/10/2019";"05:00";"";"";"";"";"";""
"2019-10-20 06:00:00";"20/10/2019";"06:00";"";"";"";"";"";""
"2019-10-20 07:00:00";"20/10/2019";"07:00";"";"";"";"";"";""
"2019-10-20 08:00:00";"20/10/2019";"08:00";"";"";"";"";"";""
"2019-10-20 09:00:00";"20/10/2019";"09:00";"";"";"";"";"";""
"2019-10-20 10:00:00";"20/10/2019";"10:00";"";"";"";"";"";""
"2019-10-20 11:00:00";"20/10/2019";"11:00";"1571";"244";"495";"528";"300";"4"
"2019-10-20 12:00:00";"20/10/2019";"12:00";"1581";"251";"503";"525";"298";"4"
"2019-10-20 13:00:00";"20/10/2019";"13:00";"1568";"250";"502";"522";"290";"4"
"2019-10-20 14:00:00";"20/10/2019";"14:00";"1559";"251";"504";"519";"281";"4"
"2019-10-20 15:00:00";"20/10/2019";"15:00";"1546";"248";"492";"530";"272";"4"
"2019-10-20 16:00:00";"20/10/2019";"16:00";"";"";"";"";"";""
"2019-10-20 17:00:00";"20/10/2019";"17:00";"";"";"";"";"";""
"2019-10-20 18:00:00";"20/10/2019";"18:00";"";"";"";"";"";""
"2019-10-20 19:00:00";"20/10/2019";"19:00";"";"";"";"";"";""
"2019-10-20 20:00:00";"20/10/2019";"20:00";"";"";"";"";"";""
"2019-10-20 21:00:00";"20/10/2019";"21:00";"";"";"";"";"";""
"2019-10-20 22:00:00";"20/10/2019";"22:00";"";"";"";"";"";""
"2019-10-20 23:00:00";"20/10/2019";"23:00";"";"";"";"";"";""
"2019-10-21 00:00:00";"21/10/2019";"00:00";"";"";"";"";"";""
"2019-10-21 01:00:00";"21/10/2019";"01:00";"";"";"";"";"";""
"2019-10-21 02:00:00";"21/10/2019";"02:00";"";"";"";"";"";""
"2019-10-21 03:00:00";"21/10/2019";"03:00";"";"";"";"";"";""
"2019-10-21 04:00:00";"21/10/2019";"04:00";"";"";"";"";"";""
"2019-10-21 05:00:00";"21/10/2019";"05:00";"";"";"";"";"";""
"2019-10-21 06:00:00";"21/10/2019";"06:00";"";"";"";"";"";""
"2019-10-21 07:00:00";"21/10/2019";"07:00";"";"";"";"";"";""
"2019-10-21 08:00:00";"21/10/2019";"08:00";"";"";"";"";"";""
"2019-10-21 09:00:00";"21/10/2019";"09:00";"";"";"";"";"";""
"2019-10-21 10:00:00";"21/10/2019";"10:00";"";"";"";"";"";""
"2019-10-21 11:00:00";"21/10/2019";"11:00";"";"";"";"";"";""
"2019-10-21 12:00:00";"21/10/2019";"12:00";"";"";"";"";"";""
"2019-10-21 13:00:00";"21/10/2019";"13:00";"";"";"";"";"";""
"2019-10-21 14:00:00";"21/10/2019";"14:00";"";"";"";"";"";""
"2019-10-21 15:00:00";"21/10/2019";"15:00";"";"";"";"";"";""
"2019-10-21 16:00:00";"21/10/2019";"16:00";"";"";"";"";"";""
"2019-10-21 17:00:00";"21/10/2019";"17:00";"";"";"";"";"";""
"2019-10-21 18:00:00";"21/10/2019";"18:00";"";"";"";"";"";""
"2019-10-21 19:00:00";"21/10/2019";"19:00";"";"";"";"";"";""
"2019-10-21 20:00:00";"21/10/2019";"20:00";"";"";"";"";"";""
"2019-10-21 21:00:00";"21/10/2019";"21:00";"";"";"";"";"";""
"2019-10-21 22:00:00";"21/10/2019";"22:00";"";"";"";"";"";""
"2019-10-21 23:00:00";"21/10/2019";"23:00";"";"";"";"";"";""
"2019-10-22 00:00:00";"22/10/2019";"00:00";"";"";"";"";"";""
"2019-10-22 01:00:00";"22/10/2019";"01:00";"";"";"";"";"";""
"2019-10-22 02:00:00";"22/10/2019";"02:00";"";"";"";"";"";""
"2019-10-22 03:00:00";"22/10/2019";"03:00";"";"";"";"";"";""
"2019-10-22 04:00:00";"22/10/2019";"04:00";"";"";"";"";"";""
"2019-10-22 05:00:00";"22/10/2019";"05:00";"";"";"";"";"";""
"2019-10-22 06:00:00";"22/10/2019";"06:00";"";"";"";"";"";""
"2019-10-22 07:00:00";"22/10/2019";"07:00";"";"";"";"";"";""
"2019-10-22 08:00:00";"22/10/2019";"08:00";"";"";"";"";"";""
"2019-10-22 09:00:00";"22/10/2019";"09:00";"";"";"";"";"";""
"2019-10-22 10:00:00";"22/10/2019";"10:00";"";"";"";"";"";""
"2019-10-22 11:00:00";"22/10/2019";"11:00";"";"";"";"";"";""
"2019-10-22 12:00:00";"22/10/2019";"12:00";"";"";"";"";"";""
"2019-10-22 13:00:00";"22/10/2019";"13:00";"";"";"";"";"";""
"2019-10-22 14:00:00";"22/10/2019";"14:00";"";"";"";"";"";""
"2019-10-22 15:00:00";"22/10/2019";"15:00";"";"";"";"";"";""
"2019-10-22 16:00:00";"22/10/2019";"16:00";"";"";"";"";"";""
"2019-10-22 17:00:00";"22/10/2019";"17:00";"";"";"";"";"";""
"2019-10-22 18:00:00";"22/10/2019";"18:00";"";"";"";"";"";""
"2019-10-22 19:00:00";"22/10/2019";"19:00";"";"";"";"";"";""
"2019-10-22 20:00:00";"22/10/2019";"20:00";"";"";"";"";"";""
"2019-10-22 21:00:00";"22/10/2019";"21:00";"";"";"";"";"";""
"2019-10-22 22:00:00";"22/10/2019";"22:00";"";"";"";"";"";""
"2019-10-22 23:00:00";"22/10/2019";"23:00";"";"";"";"";"";""
"2019-10-23 00:00:00";"23/10/2019";"00:00";"";"";"";"";"";""
"2019-10-23 01:00:00";"23/10/2019";"01:00";"";"";"";"";"";""
"2019-10-23 02:00:00";"23/10/2019";"02:00";"";"";"";"";"";""
"2019-10-23 03:00:00";"23/10/2019";"03:00";"";"";"";"";"";""
"2019-10-23 04:00:00";"23/10/2019";"04:00";"";"";"";"";"";""
"2019-10-23 05:00:00";"23/10/2019";"05:00";"";"";"";"";"";""
"2019-10-23 06:00:00";"23/10/2019";"06:00";"";"";"";"";"";""
"2019-10-23 07:00:00";"23/10/2019";"07:00";"";"";"";"";"";""
"2019-10-23 08:00:00";"23/10/2019";"08:00";"";"";"";"";"";""
"2019-10-23 09:00:00";"23/10/2019";"09:00";"";"";"";"";"";""
"2019-10-23 10:00:00";"23/10/2019";"10:00";"";"";"";"";"";""
"2019-10-23 11:00:00";"23/10/2019";"11:00";"";"";"";"";"";""
"2019-10-23 12:00:00";"23/10/2019";"12:00";"";"";"";"";"";""
"2019-10-23 13:00:00";"23/10/2019";"13:00";"";"";"";"";"";""
"2019-10-23 14:00:00";"23/10/2019";"14:00";"3611";"785";"1111";"1099";"606";"10"
"2019-10-23 15:00:00";"23/10/2019";"15:00";"3672";"793";"1108";"1127";"634";"10"
"2019-10-23 16:00:00";"23/10/2019";"16:00";"";"";"";"";"";""
"2019-10-23 17:00:00";"23/10/2019";"17:00";"";"";"";"";"";""
"2019-10-23 18:00:00";"23/10/2019";"18:00";"";"";"";"";"";""
"2019-10-23 19:00:00";"23/10/2019";"19:00";"4019";"758";"1185";"1232";"834";"10"
"2019-10-23 20:00:00";"23/10/2019";"20:00";"3655";"686";"1087";"1112";"762";"8"
"2019-10-23 21:00:00";"23/10/2019";"21:00";"";"";"";"";"";""
"2019-10-23 22:00:00";"23/10/2019";"22:00";"";"";"";"";"";""
"2019-10-23 23:00:00";"23/10/2019";"23:00";"";"";"";"";"";""
"2019-10-24 00:00:00";"24/10/2019";"00:00";"";"";"";"";"";""
"2019-10-24 01:00:00";"24/10/2019";"01:00";"";"";"";"";"";""
"2019-10-24 02:00:00";"24/10/2019";"02:00";"";"";"";"";"";""
"2019-10-24 03:00:00";"24/10/2019";"03:00";"";"";"";"";"";""
"2019-10-24 04:00:00";"24/10/2019";"04:00";"";"";"";"";"";""
"2019-10-24 05:00:00";"24/10/2019";"05:00";"";"";"";"";"";""
"2019-10-24 06:00:00";"24/10/2019";"06:00";"";"";"";"";"";""
"2019-10-24 07:00:00";"24/10/2019";"07:00";"";"";"";"";"";""
"2019-10-24 08:00:00";"24/10/2019";"08:00";"";"";"";"";"";""
"2019-10-24 09:00:00";"24/10/2019";"09:00";"";"";"";"";"";""
"2019-10-24 10:00:00";"24/10/2019";"10:00";"";"";"";"";"";""
"2019-10-24 11:00:00";"24/10/2019";"11:00";"";"";"";"";"";""
"2019-10-24 12:00:00";"24/10/2019";"12:00";"";"";"";"";"";""
"2019-10-24 13:00:00";"24/10/2019";"13:00";"";"";"";"";"";""
"2019-10-24 14:00:00";"24/10/2019";"14:00";"";"";"";"";"";""
"2019-10-24 15:00:00";"24/10/2019";"15:00";"";"";"";"";"";""
"2019-10-24 16:00:00";"24/10/2019";"16:00";"";"";"";"";"";""
"2019-10-24 17:00:00";"24/10/2019";"17:00";"";"";"";"";"";""
"2019-10-24 18:00:00";"24/10/2019";"18:00";"";"";"";"";"";""
"2019-10-24 19:00:00";"24/10/2019";"19:00";"";"";"";"";"";""
"2019-10-24 20:00:00";"24/10/2019";"20:00";"";"";"";"";"";""
"2019-10-24 21:00:00";"24/10/2019";"21:00";"";"";"";"";"";""
"2019-10-24 22:00:00";"24/10/2019";"22:00";"";"";"";"";"";""
"2019-10-24 23:00:00";"24/10/2019";"23:00";"";"";"";"";"";""
"2019-10-25 00:00:00";"25/10/2019";"00:00";"";"";"";"";"";""
"2019-10-25 01:00:00";"25/10/2019";"01:00";"401";"56";"81";"141";"121";"2"
"2019-10-25 02:00:00";"25/10/2019";"02:00";"211";"38";"42";"77";"54";"0"
"2019-10-25 03:00:00";"25/10/2019";"03:00";"";"";"";"";"";""
"2019-10-25 04:00:00";"25/10/2019";"04:00";"";"";"";"";"";""
"2019-10-25 05:00:00";"25/10/2019";"05:00";"";"";"";"";"";""
"2019-10-25 06:00:00";"25/10/2019";"06:00";"";"";"";"";"";""
"2019-10-25 07:00:00";"25/10/2019";"07:00";"";"";"";"";"";""
"2019-10-25 08:00:00";"25/10/2019";"08:00";"";"";"";"";"";""
"2019-10-25 09:00:00";"25/10/2019";"09:00";"";"";"";"";"";""
"2019-10-25 10:00:00";"25/10/2019";"10:00";"";"";"";"";"";""
"2019-10-25 11:00:00";"25/10/2019";"11:00";"";"";"";"";"";""
"2019-10-25 12:00:00";"25/10/2019";"12:00";"";"";"";"";"";""
"2019-10-25 13:00:00";"25/10/2019";"13:00";"";"";"";"";"";""
"2019-10-25 14:00:00";"25/10/2019";"14:00";"";"";"";"";"";""
"2019-10-25 15:00:00";"25/10/2019";"15:00";"";"";"";"";"";""
"2019-10-25 16:00:00";"25/10/2019";"16:00";"";"";"";"";"";""
"2019-10-25 17:00:00";"25/10/2019";"17:00";"";"";"";"";"";""
"2019-10-25 18:00:00";"25/10/2019";"18:00";"4145";"777";"1235";"1254";"870";"9"
"2019-10-25 19:00:00";"25/10/2019";"19:00";"4020";"729";"1198";"1253";"831";"9"
"2019-10-25 20:00:00";"25/10/2019";"20:00";"3781";"699";"1141";"1135";"798";"8"
"2019-10-25 21:00:00";"25/10/2019";"21:00";"3260";"613";"1000";"910";"733";"4"
"2019-10-25 22:00:00";"25/10/2019";"22:00";"2480";"427";"762";"669";"618";"4"
"2019-10-25 23:00:00";"25/10/2019";"23:00";"";"";"";"";"";""
"2019-10-26 00:00:00";"26/10/2019";"00:00";"";"";"";"";"";""
"2019-10-26 01:00:00";"26/10/2019";"01:00";"511";"77";"111";"150";"173";"0"
"2019-10-26 02:00:00";"26/10/2019";"02:00";"263";"45";"56";"85";"77";"0"
"2019-10-26 03:00:00";"26/10/2019";"03:00";"204";"34";"46";"69";"55";"0"
"2019-10-26 04:00:00";"26/10/2019";"04:00";"359";"39";"90";"96";"134";"0"
"2019-10-26 05:00:00";"26/10/2019";"05:00";"1006";"137";"287";"256";"324";"2"
"2019-10-26 06:00:00";"26/10/2019";"06:00";"1859";"308";"544";"481";"522";"4"
"2019-10-26 07:00:00";"26/10/2019";"07:00";"2387";"372";"747";"669";"594";"5"
"2019-10-26 08:00:00";"26/10/2019";"08:00";"2540";"384";"809";"725";"617";"5"
"2019-10-26 09:00:00";"26/10/2019";"09:00";"2601";"387";"842";"743";"624";"5"
"2019-10-26 10:00:00";"26/10/2019";"10:00";"2650";"393";"874";"748";"631";"4"
"2019-10-26 11:00:00";"26/10/2019";"11:00";"2635";"386";"873";"741";"630";"5"
"2019-10-26 12:00:00";"26/10/2019";"12:00";"2652";"379";"871";"750";"648";"4"
"2019-10-26 13:00:00";"26/10/2019";"13:00";"2638";"396";"872";"737";"628";"5"
"2019-10-26 14:00:00";"26/10/2019";"14:00";"2588";"385";"837";"740";"621";"5"
"2019-10-26 15:00:00";"26/10/2019";"15:00";"2498";"363";"794";"717";"619";"5"
"2019-10-26 16:00:00";"26/10/2019";"16:00";"2522";"375";"794";"729";"619";"5"
"2019-10-26 17:00:00";"26/10/2019";"17:00";"2518";"363";"785";"748";"617";"5"
"2019-10-26 18:00:00";"26/10/2019";"18:00";"2529";"377";"798";"756";"594";"4"
"2019-10-26 19:00:00";"26/10/2019";"19:00";"2445";"362";"764";"744";"570";"5"
"2019-10-26 20:00:00";"26/10/2019";"20:00";"2243";"331";"678";"686";"543";"5"
"2019-10-26 21:00:00";"26/10/2019";"21:00";"1948";"284";"587";"576";"498";"3"
"2019-10-26 22:00:00";"26/10/2019";"22:00";"1508";"204";"431";"449";"422";"2"
"2019-10-26 23:00:00";"26/10/2019";"23:00";"";"";"";"";"";""
"2019-10-27 00:00:00";"27/10/2019";"00:00";"";"";"";"";"";""
"2019-10-27 01:00:00";"27/10/2019";"01:00";"364";"41";"68";"122";"133";"0"
"2019-10-27 02:00:00";"27/10/2019";"02:00";"207";"30";"46";"68";"63";"0"
"2019-10-27 03:00:00";"27/10/2019";"03:00";"";"";"";"";"";""
"2019-10-27 04:00:00";"27/10/2019";"04:00";"";"";"";"";"";""
"2019-10-27 05:00:00";"27/10/2019";"05:00";"";"";"";"";"";""
"2019-10-27 06:00:00";"27/10/2019";"06:00";"";"";"";"";"";""
"2019-10-27 07:00:00";"27/10/2019";"07:00";"";"";"";"";"";""
"2019-10-27 08:00:00";"27/10/2019";"08:00";"";"";"";"";"";""
"2019-10-27 09:00:00";"27/10/2019";"09:00";"";"";"";"";"";""
"2019-10-27 10:00:00";"27/10/2019";"10:00";"";"";"";"";"";""
"2019-10-27 11:00:00";"27/10/2019";"11:00";"1772";"290";"539";"548";"391";"4"
"2019-10-27 12:00:00";"27/10/2019";"12:00";"1742";"279";"544";"538";"378";"3"
"2019-10-27 13:00:00";"27/10/2019";"13:00";"1747";"279";"545";"544";"375";"4"
"2019-10-27 14:00:00";"27/10/2019";"14:00";"1765";"298";"536";"538";"388";"5"
"2019-10-27 15:00:00";"27/10/2019";"15:00";"1758";"281";"536";"553";"383";"5"
"2019-10-27 16:00:00";"27/10/2019";"16:00";"1744";"280";"519";"558";"383";"4"
"2019-10-27 17:00:00";"27/10/2019";"17:00";"1802";"277";"548";"584";"388";"5"
"2019-10-27 18:00:00";"27/10/2019";"18:00";"1840";"281";"557";"604";"393";"5"
"2019-10-27 19:00:00";"27/10/2019";"19:00";"1814";"279";"534";"592";"405";"4"
"2019-10-27 20:00:00";"27/10/2019";"20:00";"1689";"249";"501";"551";"384";"4"
"2019-10-27 21:00:00";"27/10/2019";"21:00";"1408";"210";"409";"450";"335";"4"
"2019-10-27 22:00:00";"27/10/2019";"22:00";"1127";"157";"324";"343";"302";"1"
"2019-10-27 23:00:00";"27/10/2019";"23:00";"";"";"";"";"";""
"2019-10-28 00:00:00";"28/10/2019";"00:00";"";"";"";"";"";""
"2019-10-28 01:00:00";"28/10/2019";"01:00";"287";"30";"62";"102";"92";"1"
"2019-10-28 02:00:00";"28/10/2019";"02:00";"172";"25";"40";"60";"47";"0"
"2019-10-28 03:00:00";"28/10/2019";"03:00";"";"";"";"";"";""
"2019-10-28 04:00:00";"28/10/2019";"04:00";"508";"60";"126";"127";"193";"2"
"2019-10-28 05:00:00";"28/10/2019";"05:00";"1683";"303";"482";"417";"474";"7"
"2019-10-28 06:00:00";"28/10/2019";"06:00";"3129";"605";"928";"891";"696";"9"
"2019-10-28 07:00:00";"28/10/2019";"07:00";"3849";"742";"1155";"1170";"772";"10"
"2019-10-28 08:00:00";"28/10/2019";"08:00";"3938";"747";"1206";"1203";"772";"10"
"2019-10-28 09:00:00";"28/10/2019";"09:00";"3900";"749";"1195";"1174";"772";"10"
"2019-10-28 10:00:00";"28/10/2019";"10:00";"3844";"755";"1197";"1141";"742";"9"
"2019-10-28 11:00:00";"28/10/2019";"11:00";"3730";"736";"1178";"1069";"738";"9"
"2019-10-28 12:00:00";"28/10/2019";"12:00";"3591";"701";"1151";"1014";"717";"8"
"2019-10-28 13:00:00";"28/10/2019";"13:00";"3503";"705";"1093";"994";"703";"8"
"2019-10-28 14:00:00";"28/10/2019";"14:00";"3443";"700";"1076";"976";"683";"8"
"2019-10-28 15:00:00";"28/10/2019";"15:00";"";"";"";"";"";""
"2019-10-28 16:00:00";"28/10/2019";"16:00";"";"";"";"";"";""
"2019-10-28 17:00:00";"28/10/2019";"17:00";"";"";"";"";"";""
"2019-10-28 18:00:00";"28/10/2019";"18:00";"";"";"";"";"";""
"2019-10-28 19:00:00";"28/10/2019";"19:00";"";"";"";"";"";""
"2019-10-28 20:00:00";"28/10/2019";"20:00";"";"";"";"";"";""
"2019-10-28 21:00:00";"28/10/2019";"21:00";"";"";"";"";"";""
"2019-10-28 22:00:00";"28/10/2019";"22:00";"";"";"";"";"";""
"2019-10-28 23:00:00";"28/10/2019";"23:00";"";"";"";"";"";""
"2019-10-29 00:00:00";"29/10/2019";"00:00";"";"";"";"";"";""
"2019-10-29 01:00:00";"29/10/2019";"01:00";"";"";"";"";"";""
"2019-10-29 02:00:00";"29/10/2019";"02:00";"";"";"";"";"";""
"2019-10-29 03:00:00";"29/10/2019";"03:00";"";"";"";"";"";""
"2019-10-29 04:00:00";"29/10/2019";"04:00";"";"";"";"";"";""
"2019-10-29 05:00:00";"29/10/2019";"05:00";"";"";"";"";"";""
"2019-10-29 06:00:00";"29/10/2019";"06:00";"";"";"";"";"";""
"2019-10-29 07:00:00";"29/10/2019";"07:00";"";"";"";"";"";""
"2019-10-29 08:00:00";"29/10/2019";"08:00";"";"";"";"";"";""
"2019-10-29 09:00:00";"29/10/2019";"09:00";"";"";"";"";"";""
"2019-10-29 10:00:00";"29/10/2019";"10:00";"";"";"";"";"";""
"2019-10-29 11:00:00";"29/10/2019";"11:00";"";"";"";"";"";""
"2019-10-29 12:00:00";"29/10/2019";"12:00";"";"";"";"";"";""
"2019-10-29 13:00:00";"29/10/2019";"13:00";"";"";"";"";"";""
"2019-10-29 14:00:00";"29/10/2019";"14:00";"";"";"";"";"";""
"2019-10-29 15:00:00";"29/10/2019";"15:00";"3791";"819";"1127";"1079";"759";"7"
"2019-10-29 16:00:00";"29/10/2019";"16:00";"3900";"834";"1159";"1129";"773";"5"
"2019-10-29 17:00:00";"29/10/2019";"17:00";"4103";"857";"1192";"1231";"816";"7"
"2019-10-29 18:00:00";"29/10/2019";"18:00";"4145";"830";"1213";"1273";"821";"8"
"2019-10-29 19:00:00";"29/10/2019";"19:00";"4078";"813";"1210";"1240";"806";"9"
"2019-10-29 20:00:00";"29/10/2019";"20:00";"3841";"788";"1152";"1120";"773";"8"
"2019-10-29 21:00:00";"29/10/2019";"21:00";"3233";"674";"976";"882";"697";"4"
"2019-10-29 22:00:00";"29/10/2019";"22:00";"2362";"488";"708";"614";"548";"4"
"2019-10-29 23:00:00";"29/10/2019";"23:00";"";"";"";"";"";""
"2019-10-30 00:00:00";"30/10/2019";"00:00";"";"";"";"";"";""
"2019-10-30 01:00:00";"30/10/2019";"01:00";"415";"57";"89";"131";"137";"1"
"2019-10-30 02:00:00";"30/10/2019";"02:00";"220";"43";"54";"68";"55";"0"
"2019-10-30 03:00:00";"30/10/2019";"03:00";"";"";"";"";"";""
"2019-10-30 04:00:00";"30/10/2019";"04:00";"";"";"";"";"";""
"2019-10-30 05:00:00";"30/10/2019";"05:00";"1772";"326";"500";"435";"503";"8"
"2019-10-30 06:00:00";"30/10/2019";"06:00";"3387";"709";"940";"957";"774";"7"
"2019-10-30 07:00:00";"30/10/2019";"07:00";"4090";"831";"1172";"1237";"840";"10"
"2019-10-30 08:00:00";"30/10/2019";"08:00";"4248";"877";"1240";"1278";"844";"9"
"2019-10-30 09:00:00";"30/10/2019";"09:00";"2019";"347";"604";"521";"543";"4"
"2019-10-30 10:00:00";"30/10/2019";"10:00";"4126";"864";"1251";"1187";"815";"9"
"2019-10-30 11:00:00";"30/10/2019";"11:00";"";"";"";"";"";""
"2019-10-30 12:00:00";"30/10/2019";"12:00";"";"";"";"";"";""
"2019-10-30 13:00:00";"30/10/2019";"13:00";"";"";"";"";"";""
"2019-10-30 14:00:00";"30/10/2019";"14:00";"";"";"";"";"";""
"2019-10-30 15:00:00";"30/10/2019";"15:00";"";"";"";"";"";""
"2019-10-30 16:00:00";"30/10/2019";"16:00";"";"";"";"";"";""
"2019-10-30 17:00:00";"30/10/2019";"17:00";"";"";"";"";"";""
"2019-10-30 18:00:00";"30/10/2019";"18:00";"";"";"";"";"";""
"2019-10-30 19:00:00";"30/10/2019";"19:00";"";"";"";"";"";""
"2019-10-30 20:00:00";"30/10/2019";"20:00";"";"";"";"";"";""
"2019-10-30 21:00:00";"30/10/2019";"21:00";"";"";"";"";"";""
"2019-10-30 22:00:00";"30/10/2019";"22:00";"";"";"";"";"";""
"2019-10-30 23:00:00";"30/10/2019";"23:00";"";"";"";"";"";""
"2019-10-31 00:00:00";"31/10/2019";"00:00";"";"";"";"";"";""
"2019-10-31 01:00:00";"31/10/2019";"01:00";"";"";"";"";"";""
"2019-10-31 02:00:00";"31/10/2019";"02:00";"";"";"";"";"";""
"2019-10-31 03:00:00";"31/10/2019";"03:00";"";"";"";"";"";""
"2019-10-31 04:00:00";"31/10/2019";"04:00";"";"";"";"";"";""
"2019-10-31 05:00:00";"31/10/2019";"05:00";"";"";"";"";"";""
"2019-10-31 06:00:00";"31/10/2019";"06:00";"";"";"";"";"";""
"2019-10-31 07:00:00";"31/10/2019";"07:00";"";"";"";"";"";""
"2019-10-31 08:00:00";"31/10/2019";"08:00";"";"";"";"";"";""
"2019-10-31 09:00:00";"31/10/2019";"09:00";"";"";"";"";"";""
"2019-10-31 10:00:00";"31/10/2019";"10:00";"";"";"";"";"";""
"2019-10-31 11:00:00";"31/10/2019";"11:00";"";"";"";"";"";""
"2019-10-31 12:00:00";"31/10/2019";"12:00";"";"";"";"";"";""
"2019-10-31 13:00:00";"31/10/2019";"13:00";"3905";"831";"1200";"1072";"793";"9"
"2019-10-31 14:00:00";"31/10/2019";"14:00";"3850";"824";"1165";"1074";"778";"9"
"2019-10-31 15:00:00";"31/10/2019";"15:00";"3891";"809";"1171";"1094";"811";"6"
"2019-10-31 16:00:00";"31/10/2019";"16:00";"4047";"847";"1186";"1163";"844";"7"
"2019-10-31 17:00:00";"31/10/2019";"17:00";"4167";"861";"1228";"1230";"839";"9"
"2019-10-31 18:00:00";"31/10/2019";"18:00";"4235";"852";"1240";"1282";"852";"9"
"2019-10-31 19:00:00";"31/10/2019";"19:00";"4139";"835";"1218";"1257";"820";"9"
"2019-10-31 20:00:00";"31/10/2019";"20:00";"";"";"";"";"";""
"2019-10-31 21:00:00";"31/10/2019";"21:00";"";"";"";"";"";""
"2019-10-31 22:00:00";"31/10/2019";"22:00";"";"";"";"";"";""
"2019-10-31 23:00:00";"31/10/2019";"23:00";"";"";"";"";"";""
