"DataCompleta";"Data";"Hora";"Total";"Intersul";"Internorte";"Transcarioca";"SantaCruz";"BRT"
"2021-04-01 00:00:00";"2021-04-01";"00:00";98;10;2;0;13;75
"2021-04-01 00:05:00";"2021-04-01";"00:05";122;10;6;3;32;73
"2021-04-01 00:10:00";"2021-04-01";"00:10";124;10;6;6;30;74
"2021-04-01 00:15:00";"2021-04-01";"00:15";127;11;6;8;30;74
"2021-04-01 00:20:00";"2021-04-01";"00:20";132;12;7;11;31;73
"2021-04-01 00:25:00";"2021-04-01";"00:25";128;10;8;13;27;72
"2021-04-01 00:30:00";"2021-04-01";"00:30";121;12;8;11;22;70
"2021-04-01 00:35:00";"2021-04-01";"00:35";125;12;10;12;20;73
"2021-04-01 00:40:00";"2021-04-01";"00:40";124;12;10;12;20;72
"2021-04-01 00:45:00";"2021-04-01";"00:45";122;12;10;14;16;72
"2021-04-01 00:50:00";"2021-04-01";"00:50";123;13;9;17;15;71
"2021-04-01 00:55:00";"2021-04-01";"00:55";127;13;11;19;16;70
"2021-04-01 01:00:00";"2021-04-01";"01:00";126;13;11;20;15;69
"2021-04-01 01:05:00";"2021-04-01";"01:05";123;12;9;19;15;70
"2021-04-01 01:10:00";"2021-04-01";"01:10";122;12;8;18;15;71
"2021-04-01 01:15:00";"2021-04-01";"01:15";117;12;8;16;13;70
"2021-04-01 01:20:00";"2021-04-01";"01:20";116;12;8;16;12;70
"2021-04-01 01:25:00";"2021-04-01";"01:25";116;11;8;15;14;70
"2021-04-01 01:30:00";"2021-04-01";"01:30";118;11;8;17;13;71
"2021-04-01 01:35:00";"2021-04-01";"01:35";114;11;8;17;11;69
"2021-04-01 01:40:00";"2021-04-01";"01:40";114;11;8;17;11;69
"2021-04-01 01:45:00";"2021-04-01";"01:45";112;11;8;15;12;68
"2021-04-01 01:50:00";"2021-04-01";"01:50";109;11;8;15;11;66
"2021-04-01 01:55:00";"2021-04-01";"01:55";107;11;7;13;12;66
"2021-04-01 02:00:00";"2021-04-01";"02:00";108;11;7;12;12;68
"2021-04-01 02:05:00";"2021-04-01";"02:05";109;11;5;12;13;70
"2021-04-01 02:10:00";"2021-04-01";"02:10";105;11;6;11;10;69
"2021-04-01 02:15:00";"2021-04-01";"02:15";103;11;6;10;10;68
"2021-04-01 02:20:00";"2021-04-01";"02:20";24;1;3;10;10;0
"2021-04-01 02:25:00";"2021-04-01";"02:25";103;12;5;10;10;68
"2021-04-01 02:30:00";"2021-04-01";"02:30";101;13;3;9;10;68
"2021-04-01 02:35:00";"2021-04-01";"02:35";98;11;4;8;10;67
"2021-04-01 02:40:00";"2021-04-01";"02:40";98;12;4;9;9;66
"2021-04-01 02:45:00";"2021-04-01";"02:45";99;11;5;11;8;66
"2021-04-01 02:50:00";"2021-04-01";"02:50";98;12;4;11;8;65
"2021-04-01 02:55:00";"2021-04-01";"02:55";102;11;7;10;8;68
"2021-04-01 03:00:00";"2021-04-01";"03:00";111;11;10;14;10;68
"2021-04-01 03:05:00";"2021-04-01";"03:05";130;13;15;21;14;69
"2021-04-01 03:10:00";"2021-04-01";"03:10";136;13;14;26;15;70
"2021-04-01 03:15:00";"2021-04-01";"03:15";146;13;13;30;20;72
"2021-04-01 03:20:00";"2021-04-01";"03:20";155;13;17;31;23;73
"2021-04-01 03:25:00";"2021-04-01";"03:25";173;17;21;34;28;75
"2021-04-01 03:30:00";"2021-04-01";"03:30";191;18;25;40;35;75
"2021-04-01 03:35:00";"2021-04-01";"03:35";213;19;32;45;40;79
"2021-04-01 03:40:00";"2021-04-01";"03:40";224;20;34;48;43;81
"2021-04-01 03:45:00";"2021-04-01";"03:45";242;20;42;53;48;81
"2021-04-01 03:50:00";"2021-04-01";"03:50";273;22;55;56;59;83
"2021-04-01 03:55:00";"2021-04-01";"03:55";298;23;70;59;65;83
"2021-04-01 04:00:00";"2021-04-01";"04:00";59;5;1;0;0;54
"2021-04-01 04:05:00";"2021-04-01";"04:05";62;4;0;0;0;58
"2021-04-01 04:10:00";"2021-04-01";"04:10";60;4;0;0;0;56
"2021-04-01 04:15:00";"2021-04-01";"04:15";63;7;1;0;0;56
"2021-04-01 04:20:00";"2021-04-01";"04:20";62;5;1;0;0;57
"2021-04-01 04:25:00";"2021-04-01";"04:25";68;3;1;0;0;65
"2021-04-01 04:30:00";"2021-04-01";"04:30";654;82;195;133;150;96
"2021-04-01 04:35:00";"2021-04-01";"04:35";703;92;211;140;165;97
"2021-04-01 04:40:00";"2021-04-01";"04:40";769;106;233;161;173;98
"2021-04-01 04:45:00";"2021-04-01";"04:45";828;124;244;168;194;100
"2021-04-01 04:50:00";"2021-04-01";"04:50";906;136;281;182;208;101
"2021-04-01 04:55:00";"2021-04-01";"04:55";975;145;310;198;218;106
"2021-04-01 05:00:00";"2021-04-01";"05:00";1048;154;339;211;235;111
"2021-04-01 05:05:00";"2021-04-01";"05:05";1142;180;367;231;253;113
"2021-04-01 05:10:00";"2021-04-01";"05:10";1210;192;393;250;261;116
"2021-04-01 05:15:00";"2021-04-01";"05:15";1286;202;425;272;273;116
"2021-04-01 05:20:00";"2021-04-01";"05:20";1339;212;445;282;285;117
"2021-04-01 05:25:00";"2021-04-01";"05:25";1398;229;459;301;295;116
"2021-04-01 05:30:00";"2021-04-01";"05:30";1468;246;468;322;315;119
"2021-04-01 05:35:00";"2021-04-01";"05:35";1532;255;499;345;319;116
"2021-04-01 05:40:00";"2021-04-01";"05:40";1593;265;522;358;329;121
"2021-04-01 05:45:00";"2021-04-01";"05:45";1644;271;537;374;340;124
"2021-04-01 05:50:00";"2021-04-01";"05:50";1712;278;570;394;350;122
"2021-04-01 05:55:00";"2021-04-01";"05:55";1764;284;589;408;358;127
"2021-04-01 06:00:00";"2021-04-01";"06:00";1665;276;600;425;364;0
"2021-04-01 06:05:00";"2021-04-01";"06:05";1843;295;616;435;372;127
"2021-04-01 06:10:00";"2021-04-01";"06:10";1866;300;622;446;372;128
"2021-04-01 06:15:00";"2021-04-01";"06:15";1916;308;640;469;377;124
"2021-04-01 06:20:00";"2021-04-01";"06:20";1950;316;651;476;382;127
"2021-04-01 06:25:00";"2021-04-01";"06:25";2002;323;674;492;384;131
"2021-04-01 06:30:00";"2021-04-01";"06:30";2034;324;688;511;382;131
"2021-04-01 06:35:00";"2021-04-01";"06:35";2052;325;697;516;383;133
"2021-04-01 06:40:00";"2021-04-01";"06:40";2080;333;710;523;385;131
"2021-04-01 06:45:00";"2021-04-01";"06:45";2085;333;715;528;380;131
"2021-04-01 06:50:00";"2021-04-01";"06:50";2098;332;717;535;386;130
"2021-04-01 06:55:00";"2021-04-01";"06:55";2106;327;723;538;389;131
"2021-04-01 07:00:00";"2021-04-01";"07:00";2103;329;726;537;384;129
"2021-04-01 07:05:00";"2021-04-01";"07:05";2113;330;737;537;384;127
"2021-04-01 07:10:00";"2021-04-01";"07:10";2121;329;735;545;382;132
"2021-04-01 07:15:00";"2021-04-01";"07:15";2129;336;733;547;383;132
"2021-04-01 07:20:00";"2021-04-01";"07:20";2137;334;740;550;384;131
"2021-04-01 07:25:00";"2021-04-01";"07:25";2142;334;744;552;384;130
"2021-04-01 07:30:00";"2021-04-01";"07:30";2151;336;750;552;386;129
"2021-04-01 07:35:00";"2021-04-01";"07:35";2160;338;755;554;383;132
"2021-04-01 07:40:00";"2021-04-01";"07:40";2166;340;759;557;381;131
"2021-04-01 07:45:00";"2021-04-01";"07:45";2155;337;753;551;383;133
"2021-04-01 07:50:00";"2021-04-01";"07:50";2153;339;752;548;384;132
"2021-04-01 07:55:00";"2021-04-01";"07:55";2158;344;752;549;383;132
"2021-04-01 08:00:00";"2021-04-01";"08:00";2021;335;755;551;380;0
"2021-04-01 08:05:00";"2021-04-01";"08:05";2164;344;763;543;384;132
"2021-04-01 08:10:00";"2021-04-01";"08:10";2163;341;765;543;383;133
"2021-04-01 08:15:00";"2021-04-01";"08:15";2167;349;765;538;385;133
"2021-04-01 08:20:00";"2021-04-01";"08:20";2157;342;763;542;380;132
"2021-04-01 08:25:00";"2021-04-01";"08:25";2161;338;767;545;380;133
"2021-04-01 08:30:00";"2021-04-01";"08:30";2149;332;770;545;376;128
"2021-04-01 08:35:00";"2021-04-01";"08:35";2158;337;771;543;380;129
"2021-04-01 08:40:00";"2021-04-01";"08:40";2152;340;771;537;377;129
"2021-04-01 08:45:00";"2021-04-01";"08:45";2159;347;770;537;377;130
"2021-04-01 08:50:00";"2021-04-01";"08:50";2006;326;763;541;376;0
"2021-04-01 08:55:00";"2021-04-01";"08:55";2145;339;763;540;375;130
"2021-04-01 09:00:00";"2021-04-01";"09:00";2148;339;763;543;375;130
"2021-04-01 09:05:00";"2021-04-01";"09:05";2158;343;766;548;370;133
"2021-04-01 09:10:00";"2021-04-01";"09:10";2152;340;772;541;369;132
"2021-04-01 09:15:00";"2021-04-01";"09:15";2149;341;774;540;365;132
"2021-04-01 09:20:00";"2021-04-01";"09:20";2144;340;772;538;367;129
"2021-04-01 09:25:00";"2021-04-01";"09:25";2131;339;773;534;358;129
"2021-04-01 09:30:00";"2021-04-01";"09:30";2119;330;774;533;355;129
"2021-04-01 09:35:00";"2021-04-01";"09:35";2113;329;776;523;360;127
"2021-04-01 09:40:00";"2021-04-01";"09:40";2108;332;772;519;359;127
"2021-04-01 09:45:00";"2021-04-01";"09:45";2093;329;762;520;357;126
"2021-04-01 09:50:00";"2021-04-01";"09:50";2096;326;762;521;358;130
"2021-04-01 09:55:00";"2021-04-01";"09:55";2087;318;766;525;353;126
"2021-04-01 10:00:00";"2021-04-01";"10:00";2084;317;760;536;347;125
"2021-04-01 10:05:00";"2021-04-01";"10:05";2095;320;767;534;351;125
"2021-04-01 10:10:00";"2021-04-01";"10:10";2100;321;774;529;353;125
"2021-04-01 10:15:00";"2021-04-01";"10:15";2107;325;774;530;354;126
"2021-04-01 10:20:00";"2021-04-01";"10:20";2091;320;774;521;354;124
"2021-04-01 10:25:00";"2021-04-01";"10:25";2086;319;774;519;351;125
"2021-04-01 10:30:00";"2021-04-01";"10:30";2078;318;763;527;344;128
"2021-04-01 10:35:00";"2021-04-01";"10:35";1977;317;669;523;342;128
"2021-04-01 10:40:00";"2021-04-01";"10:40";2062;314;763;520;344;123
"2021-04-01 10:45:00";"2021-04-01";"10:45";2069;315;768;518;348;122
"2021-04-01 10:50:00";"2021-04-01";"10:50";2065;317;761;520;345;123
"2021-04-01 10:55:00";"2021-04-01";"10:55";2070;321;758;521;350;121
"2021-04-01 11:00:00";"2021-04-01";"11:00";2067;320;760;524;346;118
"2021-04-01 11:05:00";"2021-04-01";"11:05";2062;319;768;519;338;120
"2021-04-01 11:10:00";"2021-04-01";"11:10";2048;318;763;519;333;117
"2021-04-01 11:15:00";"2021-04-01";"11:15";2046;320;758;516;334;119
"2021-04-01 11:20:00";"2021-04-01";"11:20";2047;317;758;513;343;117
"2021-04-01 11:25:00";"2021-04-01";"11:25";2053;321;754;518;342;119
"2021-04-01 11:30:00";"2021-04-01";"11:30";2052;321;752;523;339;118
"2021-04-01 11:35:00";"2021-04-01";"11:35";1976;316;685;514;345;117
"2021-04-01 11:40:00";"2021-04-01";"11:40";1968;321;669;514;350;115
"2021-04-01 11:45:00";"2021-04-01";"11:45";1964;325;664;513;347;116
"2021-04-01 11:50:00";"2021-04-01";"11:50";1961;321;664;514;348;115
"2021-04-01 11:55:00";"2021-04-01";"11:55";1956;321;661;515;344;116
"2021-04-01 12:00:00";"2021-04-01";"12:00";1959;318;664;518;344;117
"2021-04-01 12:05:00";"2021-04-01";"12:05";1966;320;665;514;352;117
"2021-04-01 12:10:00";"2021-04-01";"12:10";1958;319;661;516;348;116
"2021-04-01 12:15:00";"2021-04-01";"12:15";1950;318;656;516;347;115
"2021-04-01 12:20:00";"2021-04-01";"12:20";1949;321;661;508;348;114
"2021-04-01 12:25:00";"2021-04-01";"12:25";1977;322;682;513;347;115
"2021-04-01 12:30:00";"2021-04-01";"12:30";2043;321;745;520;346;113
"2021-04-01 12:35:00";"2021-04-01";"12:35";2053;323;752;510;353;117
"2021-04-01 12:40:00";"2021-04-01";"12:40";2050;327;746;508;354;117
"2021-04-01 12:45:00";"2021-04-01";"12:45";2037;329;733;507;354;116
"2021-04-01 12:50:00";"2021-04-01";"12:50";2021;318;725;507;357;116
"2021-04-01 12:55:00";"2021-04-01";"12:55";1949;323;648;511;353;116
"2021-04-01 13:00:00";"2021-04-01";"13:00";1939;315;647;510;352;117
"2021-04-01 13:05:00";"2021-04-01";"13:05";1949;320;647;513;355;116
"2021-04-01 13:10:00";"2021-04-01";"13:10";1946;329;648;507;352;113
"2021-04-01 13:15:00";"2021-04-01";"13:15";1938;324;643;504;358;111
"2021-04-01 13:20:00";"2021-04-01";"13:20";1919;312;641;501;356;111
"2021-04-01 13:25:00";"2021-04-01";"13:25";1908;313;633;504;352;108
"2021-04-01 13:30:00";"2021-04-01";"13:30";1909;315;635;498;353;110
"2021-04-01 13:35:00";"2021-04-01";"13:35";1903;305;637;497;358;108
"2021-04-01 13:40:00";"2021-04-01";"13:40";1924;314;636;499;365;112
"2021-04-01 13:45:00";"2021-04-01";"13:45";1937;315;638;505;371;110
"2021-04-01 13:50:00";"2021-04-01";"13:50";1930;313;639;507;363;109
"2021-04-01 13:55:00";"2021-04-01";"13:55";1930;318;628;510;366;111
"2021-04-01 14:00:00";"2021-04-01";"14:00";1964;311;663;517;367;109
"2021-04-01 14:05:00";"2021-04-01";"14:05";1956;314;658;511;367;109
"2021-04-01 14:10:00";"2021-04-01";"14:10";2010;322;721;501;363;106
"2021-04-01 14:15:00";"2021-04-01";"14:15";2007;322;719;504;358;107
"2021-04-01 14:20:00";"2021-04-01";"14:20";2000;317;725;500;353;108
"2021-04-01 14:25:00";"2021-04-01";"14:25";2000;320;721;499;354;108
"2021-04-01 14:30:00";"2021-04-01";"14:30";2002;316;723;502;356;107
"2021-04-01 14:35:00";"2021-04-01";"14:35";2015;319;724;505;361;109
"2021-04-01 14:40:00";"2021-04-01";"14:40";2018;321;726;504;360;109
"2021-04-01 14:45:00";"2021-04-01";"14:45";2016;325;723;503;358;110
"2021-04-01 14:50:00";"2021-04-01";"14:50";1997;317;718;495;358;111
"2021-04-01 14:55:00";"2021-04-01";"14:55";2009;319;719;504;358;111
"2021-04-01 15:00:00";"2021-04-01";"15:00";2012;317;722;508;354;113
"2021-04-01 15:05:00";"2021-04-01";"15:05";2022;318;723;514;354;115
"2021-04-01 15:10:00";"2021-04-01";"15:10";2020;318;723;508;361;112
"2021-04-01 15:15:00";"2021-04-01";"15:15";2027;322;723;509;361;114
"2021-04-01 15:20:00";"2021-04-01";"15:20";2032;321;727;509;364;113
"2021-04-01 15:25:00";"2021-04-01";"15:25";2024;320;724;509;360;113
"2021-04-01 15:30:00";"2021-04-01";"15:30";2031;314;720;519;363;117
"2021-04-01 15:35:00";"2021-04-01";"15:35";2050;319;722;530;362;119
"2021-04-01 15:40:00";"2021-04-01";"15:40";2040;317;715;526;365;119
"2021-04-01 15:45:00";"2021-04-01";"15:45";2048;313;723;530;365;119
"2021-04-01 15:50:00";"2021-04-01";"15:50";2066;315;727;539;367;121
"2021-04-01 15:55:00";"2021-04-01";"15:55";2048;314;718;539;360;120
"2021-04-01 16:00:00";"2021-04-01";"16:00";2067;318;721;551;362;118
"2021-04-01 16:05:00";"2021-04-01";"16:05";2062;315;719;551;359;121
"2021-04-01 16:10:00";"2021-04-01";"16:10";2058;315;724;545;357;120
"2021-04-01 16:15:00";"2021-04-01";"16:15";2065;317;723;544;362;122
"2021-04-01 16:20:00";"2021-04-01";"16:20";2054;309;723;545;361;119
"2021-04-01 16:25:00";"2021-04-01";"16:25";2077;315;725;558;364;118
"2021-04-01 16:30:00";"2021-04-01";"16:30";2071;309;725;561;362;117
"2021-04-01 16:35:00";"2021-04-01";"16:35";2075;310;725;558;365;120
"2021-04-01 16:40:00";"2021-04-01";"16:40";2076;313;723;558;365;120
"2021-04-01 16:45:00";"2021-04-01";"16:45";2061;314;711;554;364;121
"2021-04-01 16:50:00";"2021-04-01";"16:50";2073;317;720;557;362;120
"2021-04-01 16:55:00";"2021-04-01";"16:55";2067;315;716;556;362;120
"2021-04-01 17:00:00";"2021-04-01";"17:00";2061;310;712;561;359;121
"2021-04-01 17:05:00";"2021-04-01";"17:05";2058;306;718;557;359;120
"2021-04-01 17:10:00";"2021-04-01";"17:10";2046;307;714;553;355;119
"2021-04-01 17:15:00";"2021-04-01";"17:15";2049;306;715;552;356;122
"2021-04-01 17:20:00";"2021-04-01";"17:20";2061;307;722;558;354;122
"2021-04-01 17:25:00";"2021-04-01";"17:25";2050;302;714;555;358;123
"2021-04-01 17:30:00";"2021-04-01";"17:30";2059;303;718;556;361;123
"2021-04-01 17:35:00";"2021-04-01";"17:35";2067;306;726;559;354;124
"2021-04-01 17:40:00";"2021-04-01";"17:40";2059;303;724;561;351;122
"2021-04-01 17:45:00";"2021-04-01";"17:45";2035;293;713;556;353;122
"2021-04-01 17:50:00";"2021-04-01";"17:50";2047;295;717;558;359;120
"2021-04-01 17:55:00";"2021-04-01";"17:55";2029;292;702;558;359;120
"2021-04-01 18:00:00";"2021-04-01";"18:00";2035;292;706;562;356;121
"2021-04-01 18:05:00";"2021-04-01";"18:05";2033;295;702;564;354;120
"2021-04-01 18:10:00";"2021-04-01";"18:10";2018;286;700;562;351;121
"2021-04-01 18:15:00";"2021-04-01";"18:15";2018;286;695;563;354;122
"2021-04-01 18:20:00";"2021-04-01";"18:20";2025;283;700;567;355;122
"2021-04-01 18:25:00";"2021-04-01";"18:25";2004;282;694;556;353;121
"2021-04-01 18:30:00";"2021-04-01";"18:30";2004;278;698;558;348;124
"2021-04-01 18:35:00";"2021-04-01";"18:35";2000;276;693;558;351;124
"2021-04-01 18:40:00";"2021-04-01";"18:40";2002;279;693;555;355;122
"2021-04-01 18:45:00";"2021-04-01";"18:45";1979;276;685;548;349;123
"2021-04-01 18:50:00";"2021-04-01";"18:50";1965;274;681;546;346;120
"2021-04-01 18:55:00";"2021-04-01";"18:55";1956;271;670;550;346;121
"2021-04-01 19:00:00";"2021-04-01";"19:00";1948;263;673;549;348;118
"2021-04-01 19:05:00";"2021-04-01";"19:05";1949;260;678;550;345;119
"2021-04-01 19:10:00";"2021-04-01";"19:10";1951;265;678;546;345;120
"2021-04-01 19:15:00";"2021-04-01";"19:15";1914;255;672;533;341;116
"2021-04-01 19:20:00";"2021-04-01";"19:20";1897;249;659;534;342;116
"2021-04-01 19:25:00";"2021-04-01";"19:25";1871;246;644;528;339;117
"2021-04-01 19:30:00";"2021-04-01";"19:30";1848;244;637;516;337;117
"2021-04-01 19:35:00";"2021-04-01";"19:35";1832;239;635;511;339;111
"2021-04-01 19:40:00";"2021-04-01";"19:40";1815;244;630;508;326;110
"2021-04-01 19:45:00";"2021-04-01";"19:45";1801;242;615;506;330;111
"2021-04-01 19:50:00";"2021-04-01";"19:50";1774;237;603;508;320;109
"2021-04-01 19:55:00";"2021-04-01";"19:55";1736;222;587;500;321;109
"2021-04-01 20:00:00";"2021-04-01";"20:00";1689;211;574;485;316;106
"2021-04-01 20:05:00";"2021-04-01";"20:05";1666;209;565;471;316;108
"2021-04-01 20:10:00";"2021-04-01";"20:10";1630;203;553;465;309;103
"2021-04-01 20:15:00";"2021-04-01";"20:15";1605;194;542;459;309;104
"2021-04-01 20:20:00";"2021-04-01";"20:20";1570;190;530;447;303;103
"2021-04-01 20:25:00";"2021-04-01";"20:25";1522;186;510;433;298;98
"2021-04-01 20:30:00";"2021-04-01";"20:30";1494;182;502;419;296;98
"2021-04-01 20:35:00";"2021-04-01";"20:35";1462;178;492;409;288;98
"2021-04-01 20:40:00";"2021-04-01";"20:40";1426;170;480;395;288;96
"2021-04-01 20:45:00";"2021-04-01";"20:45";1386;168;460;382;280;99
"2021-04-01 20:50:00";"2021-04-01";"20:50";1338;162;442;368;269;100
"2021-04-01 20:55:00";"2021-04-01";"20:55";1304;152;429;359;266;100
"2021-04-01 21:00:00";"2021-04-01";"21:00";1279;150;427;342;261;102
"2021-04-01 21:05:00";"2021-04-01";"21:05";1236;148;416;326;252;97
"2021-04-01 21:10:00";"2021-04-01";"21:10";1201;140;401;316;250;97
"2021-04-01 21:15:00";"2021-04-01";"21:15";1159;130;388;300;244;99
"2021-04-01 21:20:00";"2021-04-01";"21:20";1127;131;372;290;238;98
"2021-04-01 21:25:00";"2021-04-01";"21:25";1091;127;357;274;236;99
"2021-04-01 21:30:00";"2021-04-01";"21:30";1062;121;337;270;236;100
"2021-04-01 21:35:00";"2021-04-01";"21:35";1030;115;325;264;229;98
"2021-04-01 21:40:00";"2021-04-01";"21:40";975;107;301;247;223;98
"2021-04-01 21:45:00";"2021-04-01";"21:45";939;102;295;236;209;99
"2021-04-01 21:50:00";"2021-04-01";"21:50";903;91;285;227;205;97
"2021-04-01 21:55:00";"2021-04-01";"21:55";873;92;263;226;199;95
"2021-04-01 22:00:00";"2021-04-01";"22:00";841;92;249;214;195;93
"2021-04-01 22:05:00";"2021-04-01";"22:05";797;90;233;199;184;93
"2021-04-01 22:10:00";"2021-04-01";"22:10";756;83;221;188;174;92
"2021-04-01 22:15:00";"2021-04-01";"22:15";730;80;203;185;173;91
"2021-04-01 22:20:00";"2021-04-01";"22:20";703;76;200;174;166;89
"2021-04-01 22:25:00";"2021-04-01";"22:25";685;79;194;164;160;90
"2021-04-01 22:30:00";"2021-04-01";"22:30";641;74;170;157;153;89
"2021-04-01 22:35:00";"2021-04-01";"22:35";627;72;161;155;151;90
"2021-04-01 22:40:00";"2021-04-01";"22:40";589;70;146;146;140;89
"2021-04-01 22:45:00";"2021-04-01";"22:45";569;71;138;142;133;87
"2021-04-01 22:50:00";"2021-04-01";"22:50";547;68;127;139;124;91
"2021-04-01 22:55:00";"2021-04-01";"22:55";523;63;120;128;121;92
"2021-04-01 23:00:00";"2021-04-01";"23:00";401;47;114;123;117;0
"2021-04-01 23:05:00";"2021-04-01";"23:05";492;61;110;122;114;88
"2021-04-01 23:10:00";"2021-04-01";"23:10";460;55;104;113;104;87
"2021-04-01 23:15:00";"2021-04-01";"23:15";434;54;91;105;98;89
"2021-04-01 23:20:00";"2021-04-01";"23:20";412;50;85;99;91;90
"2021-04-01 23:25:00";"2021-04-01";"23:25";398;46;83;95;87;90
"2021-04-01 23:30:00";"2021-04-01";"23:30";379;42;75;94;82;89
"2021-04-01 23:35:00";"2021-04-01";"23:35";363;47;71;85;77;86
"2021-04-01 23:40:00";"2021-04-01";"23:40";349;47;71;75;72;87
"2021-04-01 23:45:00";"2021-04-01";"23:45";329;40;66;72;69;84
"2021-04-01 23:50:00";"2021-04-01";"23:50";317;39;61;68;66;86
"2021-04-01 23:55:00";"2021-04-01";"23:55";303;36;54;67;64;85
"2021-04-02 00:00:00";"2021-04-02";"00:00";NA;NA;NA;NA;NA;NA
"2021-04-02 00:05:00";"2021-04-02";"00:05";132;15;3;2;35;80
"2021-04-02 00:10:00";"2021-04-02";"00:10";144;15;5;8;39;80
"2021-04-02 00:15:00";"2021-04-02";"00:15";144;15;8;8;37;79
"2021-04-02 00:20:00";"2021-04-02";"00:20";149;15;9;13;36;79
"2021-04-02 00:25:00";"2021-04-02";"00:25";146;15;9;12;36;77
"2021-04-02 00:30:00";"2021-04-02";"00:30";142;16;9;11;32;77
"2021-04-02 00:35:00";"2021-04-02";"00:35";140;16;10;11;31;75
"2021-04-02 00:40:00";"2021-04-02";"00:40";144;18;11;13;30;75
"2021-04-02 00:45:00";"2021-04-02";"00:45";139;18;10;13;26;75
"2021-04-02 00:50:00";"2021-04-02";"00:50";134;18;12;12;21;74
"2021-04-02 00:55:00";"2021-04-02";"00:55";134;18;11;13;19;76
"2021-04-02 01:00:00";"2021-04-02";"01:00";128;18;11;13;17;72
"2021-04-02 01:05:00";"2021-04-02";"01:05";126;17;11;14;17;70
"2021-04-02 01:10:00";"2021-04-02";"01:10";121;17;10;13;16;68
"2021-04-02 01:15:00";"2021-04-02";"01:15";118;17;10;12;14;68
"2021-04-02 01:20:00";"2021-04-02";"01:20";120;17;12;15;12;67
"2021-04-02 01:25:00";"2021-04-02";"01:25";121;17;11;16;12;68
"2021-04-02 01:30:00";"2021-04-02";"01:30";119;17;10;16;12;67
"2021-04-02 01:35:00";"2021-04-02";"01:35";115;17;9;15;10;67
"2021-04-02 01:40:00";"2021-04-02";"01:40";114;17;8;15;10;67
"2021-04-02 01:45:00";"2021-04-02";"01:45";115;16;11;14;10;67
"2021-04-02 01:50:00";"2021-04-02";"01:50";117;17;10;14;10;69
"2021-04-02 01:55:00";"2021-04-02";"01:55";113;17;7;14;10;68
"2021-04-02 02:00:00";"2021-04-02";"02:00";109;16;7;13;10;66
"2021-04-02 02:05:00";"2021-04-02";"02:05";109;16;6;13;11;66
"2021-04-02 02:10:00";"2021-04-02";"02:10";108;16;7;13;10;65
"2021-04-02 02:15:00";"2021-04-02";"02:15";106;17;6;12;9;65
"2021-04-02 02:20:00";"2021-04-02";"02:20";109;17;7;12;10;66
"2021-04-02 02:25:00";"2021-04-02";"02:25";104;16;5;12;10;64
"2021-04-02 02:30:00";"2021-04-02";"02:30";102;16;4;12;10;63
"2021-04-02 02:35:00";"2021-04-02";"02:35";98;16;4;11;8;62
"2021-04-02 02:40:00";"2021-04-02";"02:40";98;16;4;10;7;64
"2021-04-02 02:45:00";"2021-04-02";"02:45";98;16;4;9;8;64
"2021-04-02 02:50:00";"2021-04-02";"02:50";99;16;7;8;8;63
"2021-04-02 02:55:00";"2021-04-02";"02:55";100;16;7;8;9;63
"2021-04-02 03:00:00";"2021-04-02";"03:00";99;17;4;10;10;61
"2021-04-02 03:05:00";"2021-04-02";"03:05";108;18;5;12;15;61
"2021-04-02 03:10:00";"2021-04-02";"03:10";109;18;7;14;14;59
"2021-04-02 03:15:00";"2021-04-02";"03:15";112;20;7;15;16;57
"2021-04-02 03:20:00";"2021-04-02";"03:20";122;21;11;16;20;57
"2021-04-02 03:25:00";"2021-04-02";"03:25";125;22;12;18;18;58
"2021-04-02 03:30:00";"2021-04-02";"03:30";129;22;7;21;20;62
"2021-04-02 03:35:00";"2021-04-02";"03:35";136;23;12;22;20;62
"2021-04-02 03:40:00";"2021-04-02";"03:40";151;24;18;22;28;62
"2021-04-02 03:45:00";"2021-04-02";"03:45";154;24;19;21;30;63
"2021-04-02 03:50:00";"2021-04-02";"03:50";164;24;24;27;31;61
"2021-04-02 03:55:00";"2021-04-02";"03:55";183;26;28;31;36;65
"2021-04-02 04:00:00";"2021-04-02";"04:00";45;7;2;0;1;38
"2021-04-02 04:05:00";"2021-04-02";"04:05";44;7;1;0;1;37
"2021-04-02 04:10:00";"2021-04-02";"04:10";45;7;1;0;1;38
"2021-04-02 04:15:00";"2021-04-02";"04:15";256;43;51;44;52;69
"2021-04-02 04:20:00";"2021-04-02";"04:20";279;46;61;50;57;68
"2021-04-02 04:25:00";"2021-04-02";"04:25";308;55;66;57;62;71
"2021-04-02 04:30:00";"2021-04-02";"04:30";249;45;74;62;68;0
"2021-04-02 04:35:00";"2021-04-02";"04:35";366;66;85;71;74;73
"2021-04-02 04:40:00";"2021-04-02";"04:40";389;70;93;75;79;75
"2021-04-02 04:45:00";"2021-04-02";"04:45";425;83;98;80;90;77
"2021-04-02 04:50:00";"2021-04-02";"04:50";466;87;110;90;101;81
"2021-04-02 04:55:00";"2021-04-02";"04:55";498;95;121;94;109;82
"2021-04-02 05:00:00";"2021-04-02";"05:00";535;99;139;99;118;82
"2021-04-02 05:05:00";"2021-04-02";"05:05";572;103;155;107;123;86
"2021-04-02 05:10:00";"2021-04-02";"05:10";71;6;1;0;0;65
"2021-04-02 05:15:00";"2021-04-02";"05:15";656;118;186;130;137;87
"2021-04-02 05:20:00";"2021-04-02";"05:20";699;122;204;145;142;88
"2021-04-02 05:25:00";"2021-04-02";"05:25";724;130;214;153;141;88
"2021-04-02 05:30:00";"2021-04-02";"05:30";761;139;219;162;154;89
"2021-04-02 05:35:00";"2021-04-02";"05:35";792;141;232;173;159;89
"2021-04-02 05:40:00";"2021-04-02";"05:40";810;145;241;177;160;89
"2021-04-02 05:45:00";"2021-04-02";"05:45";839;143;253;186;168;91
"2021-04-02 05:50:00";"2021-04-02";"05:50";882;150;269;199;175;91
"2021-04-02 05:55:00";"2021-04-02";"05:55";918;154;286;214;174;92
"2021-04-02 06:00:00";"2021-04-02";"06:00";947;159;296;228;175;91
"2021-04-02 06:05:00";"2021-04-02";"06:05";972;166;301;238;178;91
"2021-04-02 06:10:00";"2021-04-02";"06:10";984;166;311;238;180;91
"2021-04-02 06:15:00";"2021-04-02";"06:15";1008;172;319;242;185;92
"2021-04-02 06:20:00";"2021-04-02";"06:20";1027;171;328;252;189;89
"2021-04-02 06:25:00";"2021-04-02";"06:25";1052;176;339;259;189;91
"2021-04-02 06:30:00";"2021-04-02";"06:30";1081;179;351;268;194;91
"2021-04-02 06:35:00";"2021-04-02";"06:35";1084;177;359;271;189;90
"2021-04-02 06:40:00";"2021-04-02";"06:40";1094;182;363;272;188;91
"2021-04-02 06:45:00";"2021-04-02";"06:45";1109;185;368;278;189;91
"2021-04-02 06:50:00";"2021-04-02";"06:50";1114;186;372;281;188;89
"2021-04-02 06:55:00";"2021-04-02";"06:55";1128;192;374;284;189;91
"2021-04-02 07:00:00";"2021-04-02";"07:00";1144;194;378;294;189;91
"2021-04-02 07:05:00";"2021-04-02";"07:05";1159;198;387;295;189;92
"2021-04-02 07:10:00";"2021-04-02";"07:10";1153;196;384;295;189;91
"2021-04-02 07:15:00";"2021-04-02";"07:15";1168;197;394;300;187;92
"2021-04-02 07:20:00";"2021-04-02";"07:20";1170;193;395;303;189;92
"2021-04-02 07:25:00";"2021-04-02";"07:25";1171;198;398;296;189;92
"2021-04-02 07:30:00";"2021-04-02";"07:30";1173;196;398;299;192;90
"2021-04-02 07:35:00";"2021-04-02";"07:35";1179;196;402;303;190;90
"2021-04-02 07:40:00";"2021-04-02";"07:40";1183;198;403;301;192;91
"2021-04-02 07:45:00";"2021-04-02";"07:45";1184;198;403;302;192;91
"2021-04-02 07:50:00";"2021-04-02";"07:50";1186;204;401;304;189;90
"2021-04-02 07:55:00";"2021-04-02";"07:55";1188;203;400;306;190;91
"2021-04-02 08:00:00";"2021-04-02";"08:00";1194;202;402;310;191;91
"2021-04-02 08:05:00";"2021-04-02";"08:05";1194;201;404;311;189;91
"2021-04-02 08:10:00";"2021-04-02";"08:10";1191;195;410;309;188;91
"2021-04-02 08:15:00";"2021-04-02";"08:15";1195;200;408;308;190;91
"2021-04-02 08:20:00";"2021-04-02";"08:20";1200;197;415;307;192;91
"2021-04-02 08:25:00";"2021-04-02";"08:25";1195;199;408;306;192;92
"2021-04-02 08:30:00";"2021-04-02";"08:30";1196;198;410;307;193;90
"2021-04-02 08:35:00";"2021-04-02";"08:35";1209;202;415;312;190;92
"2021-04-02 08:40:00";"2021-04-02";"08:40";1203;197;416;309;190;93
"2021-04-02 08:45:00";"2021-04-02";"08:45";1203;203;417;302;191;92
"2021-04-02 08:50:00";"2021-04-02";"08:50";1196;203;413;302;190;90
"2021-04-02 08:55:00";"2021-04-02";"08:55";1198;210;407;304;187;92
"2021-04-02 09:00:00";"2021-04-02";"09:00";1198;205;411;303;189;92
"2021-04-02 09:05:00";"2021-04-02";"09:05";1197;206;408;303;190;92
"2021-04-02 09:10:00";"2021-04-02";"09:10";1194;201;416;299;188;92
"2021-04-02 09:15:00";"2021-04-02";"09:15";1200;204;415;300;191;92
"2021-04-02 09:20:00";"2021-04-02";"09:20";1197;199;421;299;188;92
"2021-04-02 09:25:00";"2021-04-02";"09:25";1202;203;414;305;189;93
"2021-04-02 09:30:00";"2021-04-02";"09:30";1187;201;408;299;190;91
"2021-04-02 09:35:00";"2021-04-02";"09:35";1191;203;409;300;191;90
"2021-04-02 09:40:00";"2021-04-02";"09:40";1187;199;405;301;194;90
"2021-04-02 09:45:00";"2021-04-02";"09:45";1188;202;405;302;190;91
"2021-04-02 09:50:00";"2021-04-02";"09:50";1190;202;407;305;188;90
"2021-04-02 09:55:00";"2021-04-02";"09:55";1190;204;405;304;188;91
"2021-04-02 10:00:00";"2021-04-02";"10:00";1186;197;404;308;188;91
"2021-04-02 10:05:00";"2021-04-02";"10:05";1179;196;406;301;188;90
"2021-04-02 10:10:00";"2021-04-02";"10:10";1178;199;406;297;187;91
"2021-04-02 10:15:00";"2021-04-02";"10:15";1180;202;405;297;188;90
"2021-04-02 10:20:00";"2021-04-02";"10:20";1177;197;404;301;188;89
"2021-04-02 10:25:00";"2021-04-02";"10:25";1177;198;403;301;188;89
"2021-04-02 10:30:00";"2021-04-02";"10:30";1181;202;402;302;189;88
"2021-04-02 10:35:00";"2021-04-02";"10:35";1179;205;405;298;187;86
"2021-04-02 10:40:00";"2021-04-02";"10:40";1176;201;406;298;187;86
"2021-04-02 10:45:00";"2021-04-02";"10:45";1172;200;403;298;188;85
"2021-04-02 10:50:00";"2021-04-02";"10:50";1168;200;401;297;188;84
"2021-04-02 10:55:00";"2021-04-02";"10:55";1169;195;399;304;188;85
"2021-04-02 11:00:00";"2021-04-02";"11:00";1172;196;398;303;192;85
"2021-04-02 11:05:00";"2021-04-02";"11:05";1179;198;403;302;191;87
"2021-04-02 11:10:00";"2021-04-02";"11:10";1162;192;401;298;186;87
"2021-04-02 11:15:00";"2021-04-02";"11:15";1160;197;395;297;186;87
"2021-04-02 11:20:00";"2021-04-02";"11:20";1153;194;390;300;185;86
"2021-04-02 11:25:00";"2021-04-02";"11:25";1152;192;389;298;189;86
"2021-04-02 11:30:00";"2021-04-02";"11:30";1146;188;386;300;189;85
"2021-04-02 11:35:00";"2021-04-02";"11:35";1162;194;398;301;188;83
"2021-04-02 11:40:00";"2021-04-02";"11:40";1151;193;395;300;184;81
"2021-04-02 11:45:00";"2021-04-02";"11:45";1155;196;393;297;189;82
"2021-04-02 11:50:00";"2021-04-02";"11:50";1162;195;396;298;192;83
"2021-04-02 11:55:00";"2021-04-02";"11:55";1164;195;394;297;196;84
"2021-04-02 12:00:00";"2021-04-02";"12:00";1164;194;392;301;195;84
"2021-04-02 12:05:00";"2021-04-02";"12:05";1153;186;396;299;188;86
"2021-04-02 12:10:00";"2021-04-02";"12:10";1160;192;398;298;189;85
"2021-04-02 12:15:00";"2021-04-02";"12:15";1150;190;388;300;189;85
"2021-04-02 12:20:00";"2021-04-02";"12:20";1153;190;393;300;190;82
"2021-04-02 12:25:00";"2021-04-02";"12:25";1155;194;389;298;192;84
"2021-04-02 12:30:00";"2021-04-02";"12:30";1136;188;380;295;192;83
"2021-04-02 12:35:00";"2021-04-02";"12:35";1138;190;387;290;190;83
"2021-04-02 12:40:00";"2021-04-02";"12:40";1150;192;388;297;192;83
"2021-04-02 12:45:00";"2021-04-02";"12:45";1146;191;381;298;195;83
"2021-04-02 12:50:00";"2021-04-02";"12:50";1129;186;376;292;194;83
"2021-04-02 12:55:00";"2021-04-02";"12:55";1142;190;381;296;195;82
"2021-04-02 13:00:00";"2021-04-02";"13:00";1144;192;375;296;200;83
"2021-04-02 13:05:00";"2021-04-02";"13:05";1134;189;378;292;196;81
"2021-04-02 13:10:00";"2021-04-02";"13:10";1133;185;380;294;194;82
"2021-04-02 13:15:00";"2021-04-02";"13:15";1133;185;378;292;198;82
"2021-04-02 13:20:00";"2021-04-02";"13:20";1132;174;385;290;202;83
"2021-04-02 13:25:00";"2021-04-02";"13:25";1127;183;377;290;196;83
"2021-04-02 13:30:00";"2021-04-02";"13:30";1106;183;365;290;187;83
"2021-04-02 13:35:00";"2021-04-02";"13:35";1114;179;373;290;192;82
"2021-04-02 13:40:00";"2021-04-02";"13:40";1116;183;370;290;192;83
"2021-04-02 13:45:00";"2021-04-02";"13:45";1115;185;361;287;197;87
"2021-04-02 13:50:00";"2021-04-02";"13:50";1113;184;359;288;199;85
"2021-04-02 13:55:00";"2021-04-02";"13:55";1108;188;359;285;192;86
"2021-04-02 14:00:00";"2021-04-02";"14:00";1112;186;364;286;192;86
"2021-04-02 14:05:00";"2021-04-02";"14:05";1107;182;366;288;188;85
"2021-04-02 14:10:00";"2021-04-02";"14:10";1115;187;371;284;191;84
"2021-04-02 14:15:00";"2021-04-02";"14:15";1111;183;367;288;192;83
"2021-04-02 14:20:00";"2021-04-02";"14:20";1109;184;368;287;189;83
"2021-04-02 14:25:00";"2021-04-02";"14:25";1120;189;372;289;188;84
"2021-04-02 14:30:00";"2021-04-02";"14:30";1102;183;361;288;188;84
"2021-04-02 14:35:00";"2021-04-02";"14:35";1104;181;362;287;189;87
"2021-04-02 14:40:00";"2021-04-02";"14:40";1110;183;364;294;185;86
"2021-04-02 14:45:00";"2021-04-02";"14:45";1101;181;360;292;185;85
"2021-04-02 14:50:00";"2021-04-02";"14:50";1112;177;368;295;188;86
"2021-04-02 14:55:00";"2021-04-02";"14:55";1103;182;363;290;185;85
"2021-04-02 15:00:00";"2021-04-02";"15:00";1099;183;359;291;184;84
"2021-04-02 15:05:00";"2021-04-02";"15:05";1109;182;362;295;187;85
"2021-04-02 15:10:00";"2021-04-02";"15:10";1111;184;363;293;186;87
"2021-04-02 15:15:00";"2021-04-02";"15:15";1112;187;364;292;184;87
"2021-04-02 15:20:00";"2021-04-02";"15:20";1113;182;368;294;183;88
"2021-04-02 15:25:00";"2021-04-02";"15:25";1112;183;366;295;182;88
"2021-04-02 15:30:00";"2021-04-02";"15:30";1105;188;365;292;178;85
"2021-04-02 15:35:00";"2021-04-02";"15:35";1111;183;366;295;182;88
"2021-04-02 15:40:00";"2021-04-02";"15:40";1110;182;369;294;180;88
"2021-04-02 15:45:00";"2021-04-02";"15:45";1110;180;369;297;179;88
"2021-04-02 15:50:00";"2021-04-02";"15:50";1109;173;372;297;181;89
"2021-04-02 15:55:00";"2021-04-02";"15:55";1116;181;368;300;181;89
"2021-04-02 16:00:00";"2021-04-02";"16:00";1115;180;368;300;182;88
"2021-04-02 16:05:00";"2021-04-02";"16:05";1121;178;372;300;186;88
"2021-04-02 16:10:00";"2021-04-02";"16:10";1117;181;374;298;181;86
"2021-04-02 16:15:00";"2021-04-02";"16:15";1115;183;376;297;175;87
"2021-04-02 16:20:00";"2021-04-02";"16:20";1116;181;376;302;174;86
"2021-04-02 16:25:00";"2021-04-02";"16:25";1128;184;377;305;176;89
"2021-04-02 16:30:00";"2021-04-02";"16:30";1137;188;378;307;178;89
"2021-04-02 16:35:00";"2021-04-02";"16:35";1141;191;383;304;177;89
"2021-04-02 16:40:00";"2021-04-02";"16:40";1132;188;383;304;172;88
"2021-04-02 16:45:00";"2021-04-02";"16:45";1135;188;382;305;175;88
"2021-04-02 16:50:00";"2021-04-02";"16:50";1128;184;386;302;172;87
"2021-04-02 16:55:00";"2021-04-02";"16:55";1137;189;387;306;171;87
"2021-04-02 17:00:00";"2021-04-02";"17:00";1129;185;380;307;173;87
"2021-04-02 17:05:00";"2021-04-02";"17:05";1149;190;388;308;178;88
"2021-04-02 17:10:00";"2021-04-02";"17:10";1147;190;387;310;175;88
"2021-04-02 17:15:00";"2021-04-02";"17:15";1145;191;388;305;176;88
"2021-04-02 17:20:00";"2021-04-02";"17:20";1135;182;387;307;174;88
"2021-04-02 17:25:00";"2021-04-02";"17:25";1133;187;382;305;174;88
"2021-04-02 17:30:00";"2021-04-02";"17:30";1135;187;382;309;175;85
"2021-04-02 17:35:00";"2021-04-02";"17:35";1134;184;378;310;179;86
"2021-04-02 17:40:00";"2021-04-02";"17:40";1127;179;381;310;174;86
"2021-04-02 17:45:00";"2021-04-02";"17:45";1129;185;381;303;176;87
"2021-04-02 17:50:00";"2021-04-02";"17:50";1129;188;380;303;175;86
"2021-04-02 17:55:00";"2021-04-02";"17:55";1119;186;374;302;173;87
"2021-04-02 18:00:00";"2021-04-02";"18:00";1134;185;381;305;180;86
"2021-04-02 18:05:00";"2021-04-02";"18:05";1132;181;380;310;178;86
"2021-04-02 18:10:00";"2021-04-02";"18:10";1128;184;380;306;175;86
"2021-04-02 18:15:00";"2021-04-02";"18:15";1126;183;381;305;173;86
"2021-04-02 18:20:00";"2021-04-02";"18:20";1118;185;376;301;173;85
"2021-04-02 18:25:00";"2021-04-02";"18:25";1128;187;377;303;178;85
"2021-04-02 18:30:00";"2021-04-02";"18:30";1109;178;373;297;178;85
"2021-04-02 18:35:00";"2021-04-02";"18:35";1107;174;375;300;176;84
"2021-04-02 18:40:00";"2021-04-02";"18:40";1097;170;369;301;174;85
"2021-04-02 18:45:00";"2021-04-02";"18:45";1110;172;380;300;174;86
"2021-04-02 18:50:00";"2021-04-02";"18:50";1114;172;377;307;173;87
"2021-04-02 18:55:00";"2021-04-02";"18:55";1092;166;368;302;174;84
"2021-04-02 19:00:00";"2021-04-02";"19:00";1086;164;362;299;176;87
"2021-04-02 19:05:00";"2021-04-02";"19:05";1093;170;367;295;176;87
"2021-04-02 19:10:00";"2021-04-02";"19:10";1092;170;366;299;173;86
"2021-04-02 19:15:00";"2021-04-02";"19:15";1071;166;358;293;170;87
"2021-04-02 19:20:00";"2021-04-02";"19:20";1057;164;348;292;168;87
"2021-04-02 19:25:00";"2021-04-02";"19:25";1034;161;342;283;165;85
"2021-04-02 19:30:00";"2021-04-02";"19:30";1030;161;342;281;165;83
"2021-04-02 19:35:00";"2021-04-02";"19:35";1013;154;338;276;166;81
"2021-04-02 19:40:00";"2021-04-02";"19:40";994;150;326;275;164;81
"2021-04-02 19:45:00";"2021-04-02";"19:45";973;146;319;267;163;80
"2021-04-02 19:50:00";"2021-04-02";"19:50";955;142;316;259;161;79
"2021-04-02 19:55:00";"2021-04-02";"19:55";951;146;307;257;161;82
"2021-04-02 20:00:00";"2021-04-02";"20:00";920;139;295;246;164;78
"2021-04-02 20:05:00";"2021-04-02";"20:05";907;137;291;244;157;80
"2021-04-02 20:10:00";"2021-04-02";"20:10";886;127;291;239;154;77
"2021-04-02 20:15:00";"2021-04-02";"20:15";871;125;281;240;150;77
"2021-04-02 20:20:00";"2021-04-02";"20:20";848;118;277;233;145;77
"2021-04-02 20:25:00";"2021-04-02";"20:25";838;118;272;230;143;77
"2021-04-02 20:30:00";"2021-04-02";"20:30";819;110;265;228;143;75
"2021-04-02 20:35:00";"2021-04-02";"20:35";798;104;257;219;143;77
"2021-04-02 20:40:00";"2021-04-02";"20:40";787;99;255;212;146;77
"2021-04-02 20:45:00";"2021-04-02";"20:45";772;99;245;211;142;77
"2021-04-02 20:50:00";"2021-04-02";"20:50";733;95;228;202;136;74
"2021-04-02 20:55:00";"2021-04-02";"20:55";718;92;222;198;134;74
"2021-04-02 21:00:00";"2021-04-02";"21:00";693;84;215;190;131;75
"2021-04-02 21:05:00";"2021-04-02";"21:05";694;87;212;191;131;75
"2021-04-02 21:10:00";"2021-04-02";"21:10";676;85;208;181;130;74
"2021-04-02 21:15:00";"2021-04-02";"21:15";650;76;197;179;125;75
"2021-04-02 21:20:00";"2021-04-02";"21:20";631;73;186;179;122;73
"2021-04-02 21:25:00";"2021-04-02";"21:25";616;77;181;169;117;74
"2021-04-02 21:30:00";"2021-04-02";"21:30";602;71;176;165;117;75
"2021-04-02 21:35:00";"2021-04-02";"21:35";585;75;169;158;111;74
"2021-04-02 21:40:00";"2021-04-02";"21:40";561;70;162;149;108;74
"2021-04-02 21:45:00";"2021-04-02";"21:45";545;68;155;145;104;75
"2021-04-02 21:50:00";"2021-04-02";"21:50";526;67;146;141;99;75
"2021-04-02 21:55:00";"2021-04-02";"21:55";508;67;136;138;96;73
"2021-04-02 22:00:00";"2021-04-02";"22:00";493;66;131;133;93;72
"2021-04-02 22:05:00";"2021-04-02";"22:05";483;66;128;130;89;72
"2021-04-02 22:10:00";"2021-04-02";"22:10";459;62;121;128;82;68
"2021-04-02 22:15:00";"2021-04-02";"22:15";457;62;118;128;81;70
"2021-04-02 22:20:00";"2021-04-02";"22:20";439;61;104;120;85;71
"2021-04-02 22:25:00";"2021-04-02";"22:25";431;57;101;119;84;72
"2021-04-02 22:30:00";"2021-04-02";"22:30";406;55;95;113;74;71
"2021-04-02 22:35:00";"2021-04-02";"22:35";389;55;87;104;73;72
"2021-04-02 22:40:00";"2021-04-02";"22:40";370;51;80;98;72;72
"2021-04-02 22:45:00";"2021-04-02";"22:45";360;49;78;94;72;69
"2021-04-02 22:50:00";"2021-04-02";"22:50";346;44;75;89;70;70
"2021-04-02 22:55:00";"2021-04-02";"22:55";334;41;70;89;65;71
"2021-04-02 23:00:00";"2021-04-02";"23:00";322;39;63;91;62;69
"2021-04-02 23:05:00";"2021-04-02";"23:05";321;41;62;86;63;71
"2021-04-02 23:10:00";"2021-04-02";"23:10";310;41;58;81;60;72
"2021-04-02 23:15:00";"2021-04-02";"23:15";297;39;55;76;57;72
"2021-04-02 23:20:00";"2021-04-02";"23:20";284;35;54;71;54;72
"2021-04-02 23:25:00";"2021-04-02";"23:25";284;35;54;69;55;73
"2021-04-02 23:30:00";"2021-04-02";"23:30";268;35;47;64;51;73
"2021-04-02 23:35:00";"2021-04-02";"23:35";259;32;43;64;49;73
"2021-04-02 23:40:00";"2021-04-02";"23:40";247;32;37;58;48;74
"2021-04-02 23:45:00";"2021-04-02";"23:45";242;31;34;58;47;74
"2021-04-02 23:50:00";"2021-04-02";"23:50";232;29;30;58;46;71
"2021-04-02 23:55:00";"2021-04-02";"23:55";223;26;29;52;46;72
"2021-04-03 00:00:00";"2021-04-03";"00:00";97;12;2;0;14;71
"2021-04-03 00:05:00";"2021-04-03";"00:05";113;12;2;1;28;72
"2021-04-03 00:10:00";"2021-04-03";"00:10";113;12;4;2;28;69
"2021-04-03 00:15:00";"2021-04-03";"00:15";117;13;6;3;27;70
"2021-04-03 00:20:00";"2021-04-03";"00:20";115;15;6;5;21;70
"2021-04-03 00:25:00";"2021-04-03";"00:25";115;14;8;6;20;69
"2021-04-03 00:30:00";"2021-04-03";"00:30";118;14;10;7;21;68
"2021-04-03 00:35:00";"2021-04-03";"00:35";113;14;9;5;20;67
"2021-04-03 00:40:00";"2021-04-03";"00:40";106;14;6;4;19;65
"2021-04-03 00:45:00";"2021-04-03";"00:45";104;14;7;5;17;63
"2021-04-03 00:50:00";"2021-04-03";"00:50";105;13;8;8;15;63
"2021-04-03 00:55:00";"2021-04-03";"00:55";105;13;8;8;14;64
"2021-04-03 01:00:00";"2021-04-03";"01:00";102;13;8;9;12;62
"2021-04-03 01:05:00";"2021-04-03";"01:05";102;13;8;10;11;62
"2021-04-03 01:10:00";"2021-04-03";"01:10";99;12;8;10;11;60
"2021-04-03 01:15:00";"2021-04-03";"01:15";98;12;7;10;11;60
"2021-04-03 01:20:00";"2021-04-03";"01:20";95;12;7;10;10;58
"2021-04-03 01:25:00";"2021-04-03";"01:25";89;12;5;10;7;57
"2021-04-03 01:30:00";"2021-04-03";"01:30";89;12;5;10;6;58
"2021-04-03 01:35:00";"2021-04-03";"01:35";91;13;6;10;6;58
"2021-04-03 01:40:00";"2021-04-03";"01:40";89;13;6;9;5;58
"2021-04-03 01:45:00";"2021-04-03";"01:45";88;13;6;9;5;57
"2021-04-03 01:50:00";"2021-04-03";"01:50";87;13;6;9;5;56
"2021-04-03 01:55:00";"2021-04-03";"01:55";85;13;6;8;4;56
"2021-04-03 02:00:00";"2021-04-03";"02:00";84;13;6;7;4;56
"2021-04-03 02:05:00";"2021-04-03";"02:05";83;12;5;8;4;56
"2021-04-03 02:10:00";"2021-04-03";"02:10";82;12;5;7;4;56
"2021-04-03 02:15:00";"2021-04-03";"02:15";80;12;3;7;4;56
"2021-04-03 02:20:00";"2021-04-03";"02:20";81;12;4;7;4;56
"2021-04-03 02:25:00";"2021-04-03";"02:25";83;13;5;7;4;56
"2021-04-03 02:30:00";"2021-04-03";"02:30";82;13;5;7;4;55
"2021-04-03 02:35:00";"2021-04-03";"02:35";79;12;5;7;3;54
"2021-04-03 02:40:00";"2021-04-03";"02:40";83;13;6;7;3;56
"2021-04-03 02:45:00";"2021-04-03";"02:45";83;13;6;7;3;56
"2021-04-03 02:50:00";"2021-04-03";"02:50";83;13;5;7;4;56
"2021-04-03 02:55:00";"2021-04-03";"02:55";87;13;4;7;8;57
"2021-04-03 03:00:00";"2021-04-03";"03:00";96;13;6;10;12;57
"2021-04-03 03:05:00";"2021-04-03";"03:05";105;13;9;15;12;58
"2021-04-03 03:10:00";"2021-04-03";"03:10";110;13;12;15;15;57
"2021-04-03 03:15:00";"2021-04-03";"03:15";114;14;14;14;17;57
"2021-04-03 03:20:00";"2021-04-03";"03:20";122;14;17;16;21;56
"2021-04-03 03:25:00";"2021-04-03";"03:25";125;13;16;19;22;57
"2021-04-03 03:30:00";"2021-04-03";"03:30";134;13;19;20;25;59
"2021-04-03 03:35:00";"2021-04-03";"03:35";147;15;22;21;31;60
"2021-04-03 03:40:00";"2021-04-03";"03:40";157;16;27;22;33;61
"2021-04-03 03:45:00";"2021-04-03";"03:45";166;17;29;25;32;65
"2021-04-03 03:50:00";"2021-04-03";"03:50";184;18;34;27;41;66
"2021-04-03 03:55:00";"2021-04-03";"03:55";198;18;39;29;46;68
"2021-04-03 04:00:00";"2021-04-03";"04:00";226;21;48;37;54;68
"2021-04-03 04:05:00";"2021-04-03";"04:05";263;28;61;42;62;72
"2021-04-03 04:10:00";"2021-04-03";"04:10";297;31;74;47;75;72
"2021-04-03 04:15:00";"2021-04-03";"04:15";320;36;84;50;79;73
"2021-04-03 04:20:00";"2021-04-03";"04:20";352;41;99;59;81;74
"2021-04-03 04:25:00";"2021-04-03";"04:25";391;50;111;66;90;76
"2021-04-03 04:30:00";"2021-04-03";"04:30";434;55;123;78;103;77
"2021-04-03 04:35:00";"2021-04-03";"04:35";476;63;132;88;113;82
"2021-04-03 04:40:00";"2021-04-03";"04:40";515;74;145;96;118;84
"2021-04-03 04:45:00";"2021-04-03";"04:45";557;85;156;106;124;88
"2021-04-03 04:50:00";"2021-04-03";"04:50";609;87;182;116;134;92
"2021-04-03 04:55:00";"2021-04-03";"04:55";655;93;199;129;144;92
"2021-04-03 05:00:00";"2021-04-03";"05:00";705;103;220;137;154;93
"2021-04-03 05:05:00";"2021-04-03";"05:05";755;116;225;153;169;94
"2021-04-03 05:10:00";"2021-04-03";"05:10";786;121;231;165;173;98
"2021-04-03 05:15:00";"2021-04-03";"05:15";844;130;250;183;184;99
"2021-04-03 05:20:00";"2021-04-03";"05:20";900;141;275;196;192;98
"2021-04-03 05:25:00";"2021-04-03";"05:25";952;145;296;212;199;102
"2021-04-03 05:30:00";"2021-04-03";"05:30";991;157;305;217;210;104
"2021-04-03 05:35:00";"2021-04-03";"05:35";1047;169;322;237;216;105
"2021-04-03 05:40:00";"2021-04-03";"05:40";1091;168;340;252;225;108
"2021-04-03 05:45:00";"2021-04-03";"05:45";1128;178;351;267;229;105
"2021-04-03 05:50:00";"2021-04-03";"05:50";1172;184;373;277;235;105
"2021-04-03 05:55:00";"2021-04-03";"05:55";1225;192;394;291;246;104
"2021-04-03 06:00:00";"2021-04-03";"06:00";1248;190;400;306;249;105
"2021-04-03 06:05:00";"2021-04-03";"06:05";1292;198;425;312;254;105
"2021-04-03 06:10:00";"2021-04-03";"06:10";1314;209;432;317;251;107
"2021-04-03 06:15:00";"2021-04-03";"06:15";1341;207;447;328;254;107
"2021-04-03 06:20:00";"2021-04-03";"06:20";1379;218;454;340;262;107
"2021-04-03 06:25:00";"2021-04-03";"06:25";1404;218;462;347;270;109
"2021-04-03 06:30:00";"2021-04-03";"06:30";1418;213;465;362;271;109
"2021-04-03 06:35:00";"2021-04-03";"06:35";1440;215;473;374;269;111
"2021-04-03 06:40:00";"2021-04-03";"06:40";1465;222;483;381;271;110
"2021-04-03 06:45:00";"2021-04-03";"06:45";1481;223;490;386;273;111
"2021-04-03 06:50:00";"2021-04-03";"06:50";1493;224;497;390;276;108
"2021-04-03 06:55:00";"2021-04-03";"06:55";1507;227;502;397;275;108
"2021-04-03 07:00:00";"2021-04-03";"07:00";1518;231;507;395;280;107
"2021-04-03 07:05:00";"2021-04-03";"07:05";1521;233;511;395;276;108
"2021-04-03 07:10:00";"2021-04-03";"07:10";1409;218;514;395;282;0
"2021-04-03 07:15:00";"2021-04-03";"07:15";1533;232;514;403;278;108
"2021-04-03 07:20:00";"2021-04-03";"07:20";1536;233;525;397;275;108
"2021-04-03 07:25:00";"2021-04-03";"07:25";1544;235;524;409;271;107
"2021-04-03 07:30:00";"2021-04-03";"07:30";1542;237;519;407;275;106
"2021-04-03 07:35:00";"2021-04-03";"07:35";1539;236;524;402;273;106
"2021-04-03 07:40:00";"2021-04-03";"07:40";1547;233;529;407;274;106
"2021-04-03 07:45:00";"2021-04-03";"07:45";1546;232;526;407;275;108
"2021-04-03 07:50:00";"2021-04-03";"07:50";1555;237;524;408;281;107
"2021-04-03 07:55:00";"2021-04-03";"07:55";1559;241;525;410;279;106
"2021-04-03 08:00:00";"2021-04-03";"08:00";1565;239;531;408;282;107
"2021-04-03 08:05:00";"2021-04-03";"08:05";1578;236;543;414;280;107
"2021-04-03 08:10:00";"2021-04-03";"08:10";1577;240;541;412;280;106
"2021-04-03 08:15:00";"2021-04-03";"08:15";1562;236;535;413;275;105
"2021-04-03 08:20:00";"2021-04-03";"08:20";1566;237;531;414;281;105
"2021-04-03 08:25:00";"2021-04-03";"08:25";1564;236;537;409;280;104
"2021-04-03 08:30:00";"2021-04-03";"08:30";1569;234;544;410;280;103
"2021-04-03 08:35:00";"2021-04-03";"08:35";1574;238;544;404;285;105
"2021-04-03 08:40:00";"2021-04-03";"08:40";1570;235;541;410;282;104
"2021-04-03 08:45:00";"2021-04-03";"08:45";1566;237;541;407;279;104
"2021-04-03 08:50:00";"2021-04-03";"08:50";1583;237;548;415;279;106
"2021-04-03 08:55:00";"2021-04-03";"08:55";1575;240;549;409;274;105
"2021-04-03 09:00:00";"2021-04-03";"09:00";1565;231;547;407;275;107
"2021-04-03 09:05:00";"2021-04-03";"09:05";1578;233;552;412;277;106
"2021-04-03 09:10:00";"2021-04-03";"09:10";1571;234;544;414;274;107
"2021-04-03 09:15:00";"2021-04-03";"09:15";1570;238;547;407;274;106
"2021-04-03 09:20:00";"2021-04-03";"09:20";1571;240;547;409;270;107
"2021-04-03 09:25:00";"2021-04-03";"09:25";1577;233;552;416;271;107
"2021-04-03 09:30:00";"2021-04-03";"09:30";1573;233;550;414;273;105
"2021-04-03 09:35:00";"2021-04-03";"09:35";1582;239;555;414;271;105
"2021-04-03 09:40:00";"2021-04-03";"09:40";1581;239;559;407;273;105
"2021-04-03 09:45:00";"2021-04-03";"09:45";1575;240;554;408;270;105
"2021-04-03 09:50:00";"2021-04-03";"09:50";1584;244;555;408;274;105
"2021-04-03 09:55:00";"2021-04-03";"09:55";1582;241;557;408;274;104
"2021-04-03 10:00:00";"2021-04-03";"10:00";1583;243;559;403;276;104
"2021-04-03 10:05:00";"2021-04-03";"10:05";1581;235;562;405;276;105
"2021-04-03 10:10:00";"2021-04-03";"10:10";1572;235;560;402;273;104
"2021-04-03 10:15:00";"2021-04-03";"10:15";1567;232;557;406;269;105
"2021-04-03 10:20:00";"2021-04-03";"10:20";1578;236;557;413;271;103
"2021-04-03 10:25:00";"2021-04-03";"10:25";1588;238;562;414;274;102
"2021-04-03 10:30:00";"2021-04-03";"10:30";1587;235;564;411;276;103
"2021-04-03 10:35:00";"2021-04-03";"10:35";1579;234;565;405;276;101
"2021-04-03 10:40:00";"2021-04-03";"10:40";1570;228;561;411;271;101
"2021-04-03 10:45:00";"2021-04-03";"10:45";1567;229;562;408;271;99
"2021-04-03 10:50:00";"2021-04-03";"10:50";1565;231;561;406;271;98
"2021-04-03 10:55:00";"2021-04-03";"10:55";1559;225;559;409;271;97
"2021-04-03 11:00:00";"2021-04-03";"11:00";1570;232;560;411;271;98
"2021-04-03 11:05:00";"2021-04-03";"11:05";1579;230;563;410;277;101
"2021-04-03 11:10:00";"2021-04-03";"11:10";1563;229;553;410;272;101
"2021-04-03 11:15:00";"2021-04-03";"11:15";1553;229;551;408;267;100
"2021-04-03 11:20:00";"2021-04-03";"11:20";1552;234;553;399;266;102
"2021-04-03 11:25:00";"2021-04-03";"11:25";1567;237;554;406;269;103
"2021-04-03 11:30:00";"2021-04-03";"11:30";1571;239;552;406;272;103
"2021-04-03 11:35:00";"2021-04-03";"11:35";1571;237;552;406;275;102
"2021-04-03 11:40:00";"2021-04-03";"11:40";1561;232;550;407;272;101
"2021-04-03 11:45:00";"2021-04-03";"11:45";1567;234;554;413;268;99
"2021-04-03 11:50:00";"2021-04-03";"11:50";1568;231;555;416;267;100
"2021-04-03 11:55:00";"2021-04-03";"11:55";1561;229;550;415;268;100
"2021-04-03 12:00:00";"2021-04-03";"12:00";1564;229;547;412;275;102
"2021-04-03 12:05:00";"2021-04-03";"12:05";1568;231;555;407;275;101
"2021-04-03 12:10:00";"2021-04-03";"12:10";1564;231;556;405;272;101
"2021-04-03 12:15:00";"2021-04-03";"12:15";1549;229;551;401;269;100
"2021-04-03 12:20:00";"2021-04-03";"12:20";1553;232;551;404;268;99
"2021-04-03 12:25:00";"2021-04-03";"12:25";1556;233;546;402;275;101
"2021-04-03 12:30:00";"2021-04-03";"12:30";1549;232;540;403;276;99
"2021-04-03 12:35:00";"2021-04-03";"12:35";1562;234;541;404;284;100
"2021-04-03 12:40:00";"2021-04-03";"12:40";1543;231;536;402;276;99
"2021-04-03 12:45:00";"2021-04-03";"12:45";1536;231;539;399;269;100
"2021-04-03 12:50:00";"2021-04-03";"12:50";1542;223;548;403;270;100
"2021-04-03 12:55:00";"2021-04-03";"12:55";1542;226;542;402;275;99
"2021-04-03 13:00:00";"2021-04-03";"13:00";1537;223;534;405;278;99
"2021-04-03 13:05:00";"2021-04-03";"13:05";1542;223;540;404;279;98
"2021-04-03 13:10:00";"2021-04-03";"13:10";1537;226;540;400;275;98
"2021-04-03 13:15:00";"2021-04-03";"13:15";1541;225;546;399;274;99
"2021-04-03 13:20:00";"2021-04-03";"13:20";1541;229;543;398;274;99
"2021-04-03 13:25:00";"2021-04-03";"13:25";1539;228;546;393;276;98
"2021-04-03 13:30:00";"2021-04-03";"13:30";1540;230;544;396;276;96
"2021-04-03 13:35:00";"2021-04-03";"13:35";1546;233;544;399;275;97
"2021-04-03 13:40:00";"2021-04-03";"13:40";1527;232;538;396;266;97
"2021-04-03 13:45:00";"2021-04-03";"13:45";1519;232;531;393;266;98
"2021-04-03 13:50:00";"2021-04-03";"13:50";1510;229;527;390;266;99
"2021-04-03 13:55:00";"2021-04-03";"13:55";1502;229;520;390;265;99
"2021-04-03 14:00:00";"2021-04-03";"14:00";1506;220;519;397;272;99
"2021-04-03 14:05:00";"2021-04-03";"14:05";1502;222;517;394;270;100
"2021-04-03 14:10:00";"2021-04-03";"14:10";1488;224;513;388;266;98
"2021-04-03 14:15:00";"2021-04-03";"14:15";1480;222;511;385;265;98
"2021-04-03 14:20:00";"2021-04-03";"14:20";1480;220;513;387;264;97
"2021-04-03 14:25:00";"2021-04-03";"14:25";1481;223;513;386;263;97
"2021-04-03 14:30:00";"2021-04-03";"14:30";1486;219;513;393;265;97
"2021-04-03 14:35:00";"2021-04-03";"14:35";1486;219;517;393;261;97
"2021-04-03 14:40:00";"2021-04-03";"14:40";1473;217;510;392;259;96
"2021-04-03 14:45:00";"2021-04-03";"14:45";1481;222;511;391;260;98
"2021-04-03 14:50:00";"2021-04-03";"14:50";1467;215;510;391;255;97
"2021-04-03 14:55:00";"2021-04-03";"14:55";1465;220;508;389;253;96
"2021-04-03 15:00:00";"2021-04-03";"15:00";1467;221;505;387;259;96
"2021-04-03 15:05:00";"2021-04-03";"15:05";1480;223;512;396;253;98
"2021-04-03 15:10:00";"2021-04-03";"15:10";1478;223;506;396;257;98
"2021-04-03 15:15:00";"2021-04-03";"15:15";1472;221;509;394;253;97
"2021-04-03 15:20:00";"2021-04-03";"15:20";1456;219;501;390;251;97
"2021-04-03 15:25:00";"2021-04-03";"15:25";1454;218;504;386;250;98
"2021-04-03 15:30:00";"2021-04-03";"15:30";1456;222;498;391;249;98
"2021-04-03 15:35:00";"2021-04-03";"15:35";1451;224;498;394;240;97
"2021-04-03 15:40:00";"2021-04-03";"15:40";1431;219;492;386;238;98
"2021-04-03 15:45:00";"2021-04-03";"15:45";1436;218;493;390;239;98
"2021-04-03 15:50:00";"2021-04-03";"15:50";1443;216;497;393;241;98
"2021-04-03 15:55:00";"2021-04-03";"15:55";1436;218;489;393;238;99
"2021-04-03 16:00:00";"2021-04-03";"16:00";1442;212;493;401;238;99
"2021-04-03 16:05:00";"2021-04-03";"16:05";1441;215;497;402;229;99
"2021-04-03 16:10:00";"2021-04-03";"16:10";1444;213;497;401;235;99
"2021-04-03 16:15:00";"2021-04-03";"16:15";1442;209;500;405;231;98
"2021-04-03 16:20:00";"2021-04-03";"16:20";1446;215;498;408;228;98
"2021-04-03 16:25:00";"2021-04-03";"16:25";1439;217;490;404;231;98
"2021-04-03 16:30:00";"2021-04-03";"16:30";1450;217;497;411;228;98
"2021-04-03 16:35:00";"2021-04-03";"16:35";1445;216;501;407;225;97
"2021-04-03 16:40:00";"2021-04-03";"16:40";1448;215;499;410;228;98
"2021-04-03 16:45:00";"2021-04-03";"16:45";1446;216;502;409;224;97
"2021-04-03 16:50:00";"2021-04-03";"16:50";1443;218;502;406;223;96
"2021-04-03 16:55:00";"2021-04-03";"16:55";1452;219;503;408;227;97
"2021-04-03 17:00:00";"2021-04-03";"17:00";1452;216;505;408;228;97
"2021-04-03 17:05:00";"2021-04-03";"17:05";1447;216;503;409;222;99
"2021-04-03 17:10:00";"2021-04-03";"17:10";1444;217;498;410;222;99
"2021-04-03 17:15:00";"2021-04-03";"17:15";1448;218;498;408;227;99
"2021-04-03 17:20:00";"2021-04-03";"17:20";1452;216;503;407;229;99
"2021-04-03 17:25:00";"2021-04-03";"17:25";1454;218;501;407;230;100
"2021-04-03 17:30:00";"2021-04-03";"17:30";1439;215;498;405;226;97
"2021-04-03 17:35:00";"2021-04-03";"17:35";1434;210;502;403;224;97
"2021-04-03 17:40:00";"2021-04-03";"17:40";1435;203;508;408;221;97
"2021-04-03 17:45:00";"2021-04-03";"17:45";1432;205;501;408;225;95
"2021-04-03 17:50:00";"2021-04-03";"17:50";1441;210;506;406;224;97
"2021-04-03 17:55:00";"2021-04-03";"17:55";1432;204;500;407;226;97
"2021-04-03 18:00:00";"2021-04-03";"18:00";1419;202;492;410;223;94
"2021-04-03 18:05:00";"2021-04-03";"18:05";1418;202;492;407;222;97
"2021-04-03 18:10:00";"2021-04-03";"18:10";1414;200;494;403;225;94
"2021-04-03 18:15:00";"2021-04-03";"18:15";1411;202;489;401;225;96
"2021-04-03 18:20:00";"2021-04-03";"18:20";1420;203;494;404;227;94
"2021-04-03 18:25:00";"2021-04-03";"18:25";1409;200;492;402;223;94
"2021-04-03 18:30:00";"2021-04-03";"18:30";1402;200;488;399;223;94
"2021-04-03 18:35:00";"2021-04-03";"18:35";1392;198;483;394;222;97
"2021-04-03 18:40:00";"2021-04-03";"18:40";1384;198;480;392;219;97
"2021-04-03 18:45:00";"2021-04-03";"18:45";1372;194;477;389;219;95
"2021-04-03 18:50:00";"2021-04-03";"18:50";1370;192;474;389;223;94
"2021-04-03 18:55:00";"2021-04-03";"18:55";1361;198;471;382;218;94
"2021-04-03 19:00:00";"2021-04-03";"19:00";1357;198;465;382;220;94
"2021-04-03 19:05:00";"2021-04-03";"19:05";1339;193;456;384;218;90
"2021-04-03 19:10:00";"2021-04-03";"19:10";1318;189;448;372;219;92
"2021-04-03 19:15:00";"2021-04-03";"19:15";1309;186;440;371;222;92
"2021-04-03 19:20:00";"2021-04-03";"19:20";1287;185;432;364;215;93
"2021-04-03 19:25:00";"2021-04-03";"19:25";1279;181;424;364;219;93
"2021-04-03 19:30:00";"2021-04-03";"19:30";1262;183;416;356;217;92
"2021-04-03 19:35:00";"2021-04-03";"19:35";1250;179;415;347;218;92
"2021-04-03 19:40:00";"2021-04-03";"19:40";1220;173;405;338;212;94
"2021-04-03 19:45:00";"2021-04-03";"19:45";1186;167;385;332;210;93
"2021-04-03 19:50:00";"2021-04-03";"19:50";1163;159;381;321;210;93
"2021-04-03 19:55:00";"2021-04-03";"19:55";1130;154;372;306;206;93
"2021-04-03 20:00:00";"2021-04-03";"20:00";1117;155;365;298;208;92
"2021-04-03 20:05:00";"2021-04-03";"20:05";1097;157;358;286;202;95
"2021-04-03 20:10:00";"2021-04-03";"20:10";1088;152;355;289;201;92
"2021-04-03 20:15:00";"2021-04-03";"20:15";1073;146;350;285;200;93
"2021-04-03 20:20:00";"2021-04-03";"20:20";1049;133;343;286;196;92
"2021-04-03 20:25:00";"2021-04-03";"20:25";1024;129;334;281;190;91
"2021-04-03 20:30:00";"2021-04-03";"20:30";1006;125;328;272;190;92
"2021-04-03 20:35:00";"2021-04-03";"20:35";977;122;318;261;186;91
"2021-04-03 20:40:00";"2021-04-03";"20:40";951;115;310;256;181;90
"2021-04-03 20:45:00";"2021-04-03";"20:45";923;114;292;249;178;91
"2021-04-03 20:50:00";"2021-04-03";"20:50";902;111;284;243;174;91
"2021-04-03 20:55:00";"2021-04-03";"20:55";869;107;272;228;172;91
"2021-04-03 21:00:00";"2021-04-03";"21:00";847;104;265;221;169;89
"2021-04-03 21:05:00";"2021-04-03";"21:05";829;103;254;217;166;90
"2021-04-03 21:10:00";"2021-04-03";"21:10";812;100;248;211;163;91
"2021-04-03 21:15:00";"2021-04-03";"21:15";781;91;238;201;164;88
"2021-04-03 21:20:00";"2021-04-03";"21:20";753;89;220;198;158;89
"2021-04-03 21:25:00";"2021-04-03";"21:25";729;85;215;186;155;89
"2021-04-03 21:30:00";"2021-04-03";"21:30";707;83;210;178;150;87
"2021-04-03 21:35:00";"2021-04-03";"21:35";688;82;202;176;142;87
"2021-04-03 21:40:00";"2021-04-03";"21:40";678;82;198;169;141;89
"2021-04-03 21:45:00";"2021-04-03";"21:45";656;74;193;165;137;88
"2021-04-03 21:50:00";"2021-04-03";"21:50";624;71;173;157;137;87
"2021-04-03 21:55:00";"2021-04-03";"21:55";592;66;162;149;132;84
"2021-04-03 22:00:00";"2021-04-03";"22:00";582;68;155;146;129;85
"2021-04-03 22:05:00";"2021-04-03";"22:05";565;66;149;141;124;86
"2021-04-03 22:10:00";"2021-04-03";"22:10";542;65;142;134;118;84
"2021-04-03 22:15:00";"2021-04-03";"22:15";536;63;134;131;123;86
"2021-04-03 22:20:00";"2021-04-03";"22:20";511;58;122;128;118;86
"2021-04-03 22:25:00";"2021-04-03";"22:25";501;58;117;126;113;88
"2021-04-03 22:30:00";"2021-04-03";"22:30";490;58;114;120;111;88
"2021-04-03 22:35:00";"2021-04-03";"22:35";474;52;111;118;107;87
"2021-04-03 22:40:00";"2021-04-03";"22:40";460;54;103;114;105;85
"2021-04-03 22:45:00";"2021-04-03";"22:45";443;49;96;110;103;86
"2021-04-03 22:50:00";"2021-04-03";"22:50";429;52;90;103;100;85
"2021-04-03 22:55:00";"2021-04-03";"22:55";412;47;88;100;93;85
"2021-04-03 23:00:00";"2021-04-03";"23:00";393;47;77;96;90;84
"2021-04-03 23:05:00";"2021-04-03";"23:05";381;44;77;92;86;83
"2021-04-03 23:10:00";"2021-04-03";"23:10";366;41;74;90;80;82
"2021-04-03 23:15:00";"2021-04-03";"23:15";354;39;70;87;77;82
"2021-04-03 23:20:00";"2021-04-03";"23:20";337;43;61;82;74;78
"2021-04-03 23:25:00";"2021-04-03";"23:25";335;38;67;80;70;81
"2021-04-03 23:30:00";"2021-04-03";"23:30";330;37;59;80;73;82
"2021-04-03 23:35:00";"2021-04-03";"23:35";317;35;59;78;65;81
"2021-04-03 23:40:00";"2021-04-03";"23:40";310;35;60;73;60;83
"2021-04-03 23:45:00";"2021-04-03";"23:45";295;35;49;69;61;82
"2021-04-03 23:50:00";"2021-04-03";"23:50";281;32;41;68;59;82
"2021-04-03 23:55:00";"2021-04-03";"23:55";261;28;40;61;56;77
"2021-04-04 00:00:00";"2021-04-04";"00:00";87;11;1;1;0;75
"2021-04-04 00:05:00";"2021-04-04";"00:05";119;12;4;3;25;76
"2021-04-04 00:10:00";"2021-04-04";"00:10";124;12;6;5;27;75
"2021-04-04 00:15:00";"2021-04-04";"00:15";127;11;6;9;26;76
"2021-04-04 00:20:00";"2021-04-04";"00:20";126;12;5;11;24;75
"2021-04-04 00:25:00";"2021-04-04";"00:25";129;13;4;13;24;76
"2021-04-04 00:30:00";"2021-04-04";"00:30";128;14;5;14;21;75
"2021-04-04 00:35:00";"2021-04-04";"00:35";126;13;6;15;23;70
"2021-04-04 00:40:00";"2021-04-04";"00:40";130;14;6;18;22;71
"2021-04-04 00:45:00";"2021-04-04";"00:45";128;14;4;17;21;73
"2021-04-04 00:50:00";"2021-04-04";"00:50";129;15;5;19;20;71
"2021-04-04 00:55:00";"2021-04-04";"00:55";127;15;5;18;19;71
"2021-04-04 01:00:00";"2021-04-04";"01:00";125;15;6;16;19;70
"2021-04-04 01:05:00";"2021-04-04";"01:05";121;15;4;15;19;69
"2021-04-04 01:10:00";"2021-04-04";"01:10";119;15;5;15;19;66
"2021-04-04 01:15:00";"2021-04-04";"01:15";115;14;6;13;17;66
"2021-04-04 01:20:00";"2021-04-04";"01:20";115;14;5;14;17;66
"2021-04-04 01:25:00";"2021-04-04";"01:25";111;14;5;13;15;65
"2021-04-04 01:30:00";"2021-04-04";"01:30";112;14;6;13;15;65
"2021-04-04 01:35:00";"2021-04-04";"01:35";110;13;7;13;13;65
"2021-04-04 01:40:00";"2021-04-04";"01:40";106;13;6;12;12;64
"2021-04-04 01:45:00";"2021-04-04";"01:45";105;13;6;12;11;64
"2021-04-04 01:50:00";"2021-04-04";"01:50";103;13;6;13;9;63
"2021-04-04 01:55:00";"2021-04-04";"01:55";99;13;5;13;7;62
"2021-04-04 02:00:00";"2021-04-04";"02:00";101;13;5;13;8;63
"2021-04-04 02:05:00";"2021-04-04";"02:05";98;13;4;11;8;63
"2021-04-04 02:10:00";"2021-04-04";"02:10";95;13;3;10;8;62
"2021-04-04 02:15:00";"2021-04-04";"02:15";93;13;2;10;8;61
"2021-04-04 02:20:00";"2021-04-04";"02:20";92;13;2;10;7;61
"2021-04-04 02:25:00";"2021-04-04";"02:25";91;13;2;10;6;61
"2021-04-04 02:30:00";"2021-04-04";"02:30";94;13;2;10;6;64
"2021-04-04 02:35:00";"2021-04-04";"02:35";95;13;3;10;6;64
"2021-04-04 02:40:00";"2021-04-04";"02:40";93;13;3;10;6;62
"2021-04-04 02:45:00";"2021-04-04";"02:45";89;12;3;9;5;61
"2021-04-04 02:50:00";"2021-04-04";"02:50";89;12;3;8;5;62
"2021-04-04 02:55:00";"2021-04-04";"02:55";90;13;2;8;6;62
"2021-04-04 03:00:00";"2021-04-04";"03:00";94;13;3;10;9;60
"2021-04-04 03:05:00";"2021-04-04";"03:05";102;13;5;13;13;59
"2021-04-04 03:10:00";"2021-04-04";"03:10";111;13;6;17;16;60
"2021-04-04 03:15:00";"2021-04-04";"03:15";118;13;8;17;19;62
"2021-04-04 03:20:00";"2021-04-04";"03:20";117;13;8;17;16;64
"2021-04-04 03:25:00";"2021-04-04";"03:25";118;13;7;17;18;64
"2021-04-04 03:30:00";"2021-04-04";"03:30";116;13;5;16;20;63
"2021-04-04 03:35:00";"2021-04-04";"03:35";130;16;11;20;20;64
"2021-04-04 03:40:00";"2021-04-04";"03:40";136;16;12;20;21;68
"2021-04-04 03:45:00";"2021-04-04";"03:45";139;16;12;21;22;69
"2021-04-04 03:50:00";"2021-04-04";"03:50";153;18;17;23;24;72
"2021-04-04 03:55:00";"2021-04-04";"03:55";160;18;22;21;27;73
"2021-04-04 04:00:00";"2021-04-04";"04:00";176;20;29;23;31;74
"2021-04-04 04:05:00";"2021-04-04";"04:05";205;26;39;31;34;76
"2021-04-04 04:10:00";"2021-04-04";"04:10";215;32;41;34;33;76
"2021-04-04 04:15:00";"2021-04-04";"04:15";227;29;46;39;38;76
"2021-04-04 04:20:00";"2021-04-04";"04:20";239;29;54;41;40;76
"2021-04-04 04:25:00";"2021-04-04";"04:25";256;32;58;41;50;76
"2021-04-04 04:30:00";"2021-04-04";"04:30";281;39;66;46;54;77
"2021-04-04 04:35:00";"2021-04-04";"04:35";307;41;76;53;62;76
"2021-04-04 04:40:00";"2021-04-04";"04:40";333;49;88;54;68;75
"2021-04-04 04:45:00";"2021-04-04";"04:45";355;50;94;60;74;78
"2021-04-04 04:50:00";"2021-04-04";"04:50";371;54;95;63;81;79
"2021-04-04 04:55:00";"2021-04-04";"04:55";404;58;105;74;91;77
"2021-04-04 05:00:00";"2021-04-04";"05:00";439;67;115;82;96;80
"2021-04-04 05:05:00";"2021-04-04";"05:05";470;73;123;94;99;82
"2021-04-04 05:10:00";"2021-04-04";"05:10";515;81;146;102;104;83
"2021-04-04 05:15:00";"2021-04-04";"05:15";537;86;153;109;106;84
"2021-04-04 05:20:00";"2021-04-04";"05:20";564;89;162;118;111;85
"2021-04-04 05:25:00";"2021-04-04";"05:25";601;100;165;136;118;83
"2021-04-04 05:30:00";"2021-04-04";"05:30";627;103;174;147;123;81
"2021-04-04 05:35:00";"2021-04-04";"05:35";664;112;189;155;128;81
"2021-04-04 05:40:00";"2021-04-04";"05:40";694;114;200;165;131;85
"2021-04-04 05:45:00";"2021-04-04";"05:45";732;122;215;174;137;85
"2021-04-04 05:50:00";"2021-04-04";"05:50";751;123;225;181;139;84
"2021-04-04 05:55:00";"2021-04-04";"05:55";790;129;235;194;144;89
"2021-04-04 06:00:00";"2021-04-04";"06:00";818;138;246;202;148;85
"2021-04-04 06:05:00";"2021-04-04";"06:05";852;144;259;213;151;86
"2021-04-04 06:10:00";"2021-04-04";"06:10";878;143;267;224;158;87
"2021-04-04 06:15:00";"2021-04-04";"06:15";895;145;273;229;163;86
"2021-04-04 06:20:00";"2021-04-04";"06:20";905;146;275;235;165;85
"2021-04-04 06:25:00";"2021-04-04";"06:25";916;148;284;233;167;85
"2021-04-04 06:30:00";"2021-04-04";"06:30";927;146;289;240;168;85
"2021-04-04 06:35:00";"2021-04-04";"06:35";950;160;293;247;166;85
"2021-04-04 06:40:00";"2021-04-04";"06:40";961;158;300;255;165;84
"2021-04-04 06:45:00";"2021-04-04";"06:45";975;160;311;252;169;84
"2021-04-04 06:50:00";"2021-04-04";"06:50";994;159;318;259;173;86
"2021-04-04 06:55:00";"2021-04-04";"06:55";1003;160;324;263;171;86
"2021-04-04 07:00:00";"2021-04-04";"07:00";1009;157;325;270;172;86
"2021-04-04 07:05:00";"2021-04-04";"07:05";1020;162;328;273;171;87
"2021-04-04 07:10:00";"2021-04-04";"07:10";1027;162;334;272;172;88
"2021-04-04 07:15:00";"2021-04-04";"07:15";1033;165;333;275;173;88
"2021-04-04 07:20:00";"2021-04-04";"07:20";1047;168;338;284;171;87
"2021-04-04 07:25:00";"2021-04-04";"07:25";1044;169;333;286;170;87
"2021-04-04 07:30:00";"2021-04-04";"07:30";1048;172;338;285;168;86
"2021-04-04 07:35:00";"2021-04-04";"07:35";1057;168;344;290;170;86
"2021-04-04 07:40:00";"2021-04-04";"07:40";1061;168;346;289;172;87
"2021-04-04 07:45:00";"2021-04-04";"07:45";1062;168;350;288;172;85
"2021-04-04 07:50:00";"2021-04-04";"07:50";1056;170;346;287;168;86
"2021-04-04 07:55:00";"2021-04-04";"07:55";1060;173;347;288;169;84
"2021-04-04 08:00:00";"2021-04-04";"08:00";1071;173;352;292;171;84
"2021-04-04 08:05:00";"2021-04-04";"08:05";1072;174;354;290;171;84
"2021-04-04 08:10:00";"2021-04-04";"08:10";1060;175;352;284;168;82
"2021-04-04 08:15:00";"2021-04-04";"08:15";1063;174;355;288;165;82
"2021-04-04 08:20:00";"2021-04-04";"08:20";1067;171;355;288;172;82
"2021-04-04 08:25:00";"2021-04-04";"08:25";1067;176;348;287;171;86
"2021-04-04 08:30:00";"2021-04-04";"08:30";1071;174;353;291;170;84
"2021-04-04 08:35:00";"2021-04-04";"08:35";1077;170;359;295;171;83
"2021-04-04 08:40:00";"2021-04-04";"08:40";1070;172;360;286;171;82
"2021-04-04 08:45:00";"2021-04-04";"08:45";1060;171;353;285;170;82
"2021-04-04 08:50:00";"2021-04-04";"08:50";1065;167;359;288;172;80
"2021-04-04 08:55:00";"2021-04-04";"08:55";1069;172;355;291;172;80
"2021-04-04 09:00:00";"2021-04-04";"09:00";1077;174;359;291;175;79
"2021-04-04 09:05:00";"2021-04-04";"09:05";1078;170;362;290;176;81
"2021-04-04 09:10:00";"2021-04-04";"09:10";1081;171;366;288;176;81
"2021-04-04 09:15:00";"2021-04-04";"09:15";1083;175;363;290;177;79
"2021-04-04 09:20:00";"2021-04-04";"09:20";1079;175;363;291;173;78
"2021-04-04 09:25:00";"2021-04-04";"09:25";1070;170;362;289;171;79
"2021-04-04 09:30:00";"2021-04-04";"09:30";1074;170;365;289;173;78
"2021-04-04 09:35:00";"2021-04-04";"09:35";1071;170;370;284;169;79
"2021-04-04 09:40:00";"2021-04-04";"09:40";1076;169;370;286;172;80
"2021-04-04 09:45:00";"2021-04-04";"09:45";1069;168;369;283;173;77
"2021-04-04 09:50:00";"2021-04-04";"09:50";1071;169;365;285;174;79
"2021-04-04 09:55:00";"2021-04-04";"09:55";1076;174;364;286;173;80
"2021-04-04 10:00:00";"2021-04-04";"10:00";1065;171;361;286;170;78
"2021-04-04 10:05:00";"2021-04-04";"10:05";1066;168;365;285;171;78
"2021-04-04 10:10:00";"2021-04-04";"10:10";1061;167;366;283;169;77
"2021-04-04 10:15:00";"2021-04-04";"10:15";1057;170;360;286;166;76
"2021-04-04 10:20:00";"2021-04-04";"10:20";1064;169;361;287;170;78
"2021-04-04 10:25:00";"2021-04-04";"10:25";1062;173;356;285;170;79
"2021-04-04 10:30:00";"2021-04-04";"10:30";1067;169;361;288;170;80
"2021-04-04 10:35:00";"2021-04-04";"10:35";1065;170;363;284;170;79
"2021-04-04 10:40:00";"2021-04-04";"10:40";1076;172;369;288;169;79
"2021-04-04 10:45:00";"2021-04-04";"10:45";1068;171;359;288;171;80
"2021-04-04 10:50:00";"2021-04-04";"10:50";1060;166;358;286;172;79
"2021-04-04 10:55:00";"2021-04-04";"10:55";1066;168;364;289;168;78
"2021-04-04 11:00:00";"2021-04-04";"11:00";1057;164;361;284;169;80
"2021-04-04 11:05:00";"2021-04-04";"11:05";1072;168;362;289;173;81
"2021-04-04 11:10:00";"2021-04-04";"11:10";1080;175;362;288;175;81
"2021-04-04 11:15:00";"2021-04-04";"11:15";1068;174;358;282;173;82
"2021-04-04 11:20:00";"2021-04-04";"11:20";1064;171;355;281;176;82
"2021-04-04 11:25:00";"2021-04-04";"11:25";1055;171;350;279;174;82
"2021-04-04 11:30:00";"2021-04-04";"11:30";1051;167;350;278;175;82
"2021-04-04 11:35:00";"2021-04-04";"11:35";1047;171;349;276;170;82
"2021-04-04 11:40:00";"2021-04-04";"11:40";1049;165;355;277;173;80
"2021-04-04 11:45:00";"2021-04-04";"11:45";1046;166;357;274;170;80
"2021-04-04 11:50:00";"2021-04-04";"11:50";1046;166;355;274;172;80
"2021-04-04 11:55:00";"2021-04-04";"11:55";1044;166;349;279;171;80
"2021-04-04 12:00:00";"2021-04-04";"12:00";1045;171;350;276;169;80
"2021-04-04 12:05:00";"2021-04-04";"12:05";1056;172;354;278;173;80
"2021-04-04 12:10:00";"2021-04-04";"12:10";1062;170;360;278;175;80
"2021-04-04 12:15:00";"2021-04-04";"12:15";1057;169;358;278;173;80
"2021-04-04 12:20:00";"2021-04-04";"12:20";1056;169;355;279;175;79
"2021-04-04 12:25:00";"2021-04-04";"12:25";1057;168;353;283;174;80
"2021-04-04 12:30:00";"2021-04-04";"12:30";1054;170;349;281;174;81
"2021-04-04 12:35:00";"2021-04-04";"12:35";1057;170;351;280;176;81
"2021-04-04 12:40:00";"2021-04-04";"12:40";1064;172;356;281;175;81
"2021-04-04 12:45:00";"2021-04-04";"12:45";1064;173;359;277;176;80
"2021-04-04 12:50:00";"2021-04-04";"12:50";1066;170;354;285;177;81
"2021-04-04 12:55:00";"2021-04-04";"12:55";1058;173;349;279;177;81
"2021-04-04 13:00:00";"2021-04-04";"13:00";1060;171;355;277;177;81
"2021-04-04 13:05:00";"2021-04-04";"13:05";1055;172;358;275;174;77
"2021-04-04 13:10:00";"2021-04-04";"13:10";1055;172;360;271;174;79
"2021-04-04 13:15:00";"2021-04-04";"13:15";1054;172;357;273;174;79
"2021-04-04 13:20:00";"2021-04-04";"13:20";1049;169;358;270;172;81
"2021-04-04 13:25:00";"2021-04-04";"13:25";1047;174;352;272;170;80
"2021-04-04 13:30:00";"2021-04-04";"13:30";1040;169;349;272;171;80
"2021-04-04 13:35:00";"2021-04-04";"13:35";1034;168;344;271;172;80
"2021-04-04 13:40:00";"2021-04-04";"13:40";1034;165;351;270;169;80
"2021-04-04 13:45:00";"2021-04-04";"13:45";1040;169;348;270;172;82
"2021-04-04 13:50:00";"2021-04-04";"13:50";1029;166;341;267;175;81
"2021-04-04 13:55:00";"2021-04-04";"13:55";1034;168;345;270;171;81
"2021-04-04 14:00:00";"2021-04-04";"14:00";1045;168;345;275;177;81
"2021-04-04 14:05:00";"2021-04-04";"14:05";1038;165;344;275;175;80
"2021-04-04 14:10:00";"2021-04-04";"14:10";1030;163;340;275;172;81
"2021-04-04 14:15:00";"2021-04-04";"14:15";1011;160;332;267;173;80
"2021-04-04 14:20:00";"2021-04-04";"14:20";1019;164;330;273;173;80
"2021-04-04 14:25:00";"2021-04-04";"14:25";1024;168;335;270;172;80
"2021-04-04 14:30:00";"2021-04-04";"14:30";1027;173;331;274;170;80
"2021-04-04 14:35:00";"2021-04-04";"14:35";1020;168;330;272;171;80
"2021-04-04 14:40:00";"2021-04-04";"14:40";1014;162;331;272;170;80
"2021-04-04 14:45:00";"2021-04-04";"14:45";1017;167;326;274;171;80
"2021-04-04 14:50:00";"2021-04-04";"14:50";1012;167;328;268;169;81
"2021-04-04 14:55:00";"2021-04-04";"14:55";1009;162;326;270;172;80
"2021-04-04 15:00:00";"2021-04-04";"15:00";1015;160;329;276;174;77
"2021-04-04 15:05:00";"2021-04-04";"15:05";1033;165;333;285;170;81
"2021-04-04 15:10:00";"2021-04-04";"15:10";1028;162;334;285;167;81
"2021-04-04 15:15:00";"2021-04-04";"15:15";1023;166;329;282;167;80
"2021-04-04 15:20:00";"2021-04-04";"15:20";1026;169;326;285;168;79
"2021-04-04 15:25:00";"2021-04-04";"15:25";1028;171;326;284;168;80
"2021-04-04 15:30:00";"2021-04-04";"15:30";1026;165;326;285;170;81
"2021-04-04 15:35:00";"2021-04-04";"15:35";1023;167;322;288;166;81
"2021-04-04 15:40:00";"2021-04-04";"15:40";1036;171;329;290;166;81
"2021-04-04 15:45:00";"2021-04-04";"15:45";1033;173;329;288;164;80
"2021-04-04 15:50:00";"2021-04-04";"15:50";1035;168;332;289;167;80
"2021-04-04 15:55:00";"2021-04-04";"15:55";1024;162;331;289;163;80
"2021-04-04 16:00:00";"2021-04-04";"16:00";1027;160;332;292;164;80
"2021-04-04 16:05:00";"2021-04-04";"16:05";1034;164;333;294;164;80
"2021-04-04 16:10:00";"2021-04-04";"16:10";1035;167;337;293;161;78
"2021-04-04 16:15:00";"2021-04-04";"16:15";1038;168;337;294;162;78
"2021-04-04 16:20:00";"2021-04-04";"16:20";1039;171;332;298;162;77
"2021-04-04 16:25:00";"2021-04-04";"16:25";1039;169;328;297;167;79
"2021-04-04 16:30:00";"2021-04-04";"16:30";1040;172;329;299;164;77
"2021-04-04 16:35:00";"2021-04-04";"16:35";1038;170;333;294;164;78
"2021-04-04 16:40:00";"2021-04-04";"16:40";1044;172;336;297;162;78
"2021-04-04 16:45:00";"2021-04-04";"16:45";1046;171;337;301;160;78
"2021-04-04 16:50:00";"2021-04-04";"16:50";1047;170;340;301;160;77
"2021-04-04 16:55:00";"2021-04-04";"16:55";1047;172;339;298;162;77
"2021-04-04 17:00:00";"2021-04-04";"17:00";1050;171;339;301;163;77
"2021-04-04 17:05:00";"2021-04-04";"17:05";1050;171;341;298;163;78
"2021-04-04 17:10:00";"2021-04-04";"17:10";1039;168;334;298;162;78
"2021-04-04 17:15:00";"2021-04-04";"17:15";1040;165;337;298;163;78
"2021-04-04 17:20:00";"2021-04-04";"17:20";1033;164;334;297;161;78
"2021-04-04 17:25:00";"2021-04-04";"17:25";1037;169;335;296;160;79
"2021-04-04 17:30:00";"2021-04-04";"17:30";1031;166;331;300;158;78
"2021-04-04 17:35:00";"2021-04-04";"17:35";1031;168;336;295;155;79
"2021-04-04 17:40:00";"2021-04-04";"17:40";1040;171;337;295;160;79
"2021-04-04 17:45:00";"2021-04-04";"17:45";1034;163;337;296;160;80
"2021-04-04 17:50:00";"2021-04-04";"17:50";1022;158;338;294;156;78
"2021-04-04 17:55:00";"2021-04-04";"17:55";1017;162;331;292;157;76
"2021-04-04 18:00:00";"2021-04-04";"18:00";1015;164;328;292;156;76
"2021-04-04 18:05:00";"2021-04-04";"18:05";1029;166;336;291;161;76
"2021-04-04 18:10:00";"2021-04-04";"18:10";1030;164;335;293;164;75
"2021-04-04 18:15:00";"2021-04-04";"18:15";1032;166;331;295;163;78
"2021-04-04 18:20:00";"2021-04-04";"18:20";1019;166;324;291;161;78
"2021-04-04 18:25:00";"2021-04-04";"18:25";1016;161;326;292;160;78
"2021-04-04 18:30:00";"2021-04-04";"18:30";1004;160;319;287;160;79
"2021-04-04 18:35:00";"2021-04-04";"18:35";1002;160;320;287;157;79
"2021-04-04 18:40:00";"2021-04-04";"18:40";1012;160;328;288;159;78
"2021-04-04 18:45:00";"2021-04-04";"18:45";999;160;325;280;157;78
"2021-04-04 18:50:00";"2021-04-04";"18:50";986;156;324;275;155;77
"2021-04-04 18:55:00";"2021-04-04";"18:55";984;150;323;278;157;77
"2021-04-04 19:00:00";"2021-04-04";"19:00";966;147;317;269;161;73
"2021-04-04 19:05:00";"2021-04-04";"19:05";960;149;314;265;159;74
"2021-04-04 19:10:00";"2021-04-04";"19:10";953;146;313;265;157;73
"2021-04-04 19:15:00";"2021-04-04";"19:15";937;146;307;254;157;74
"2021-04-04 19:20:00";"2021-04-04";"19:20";927;141;302;253;158;74
"2021-04-04 19:25:00";"2021-04-04";"19:25";909;137;300;250;152;71
"2021-04-04 19:30:00";"2021-04-04";"19:30";889;138;288;246;145;73
"2021-04-04 19:35:00";"2021-04-04";"19:35";888;136;286;250;145;72
"2021-04-04 19:40:00";"2021-04-04";"19:40";893;138;287;249;148;72
"2021-04-04 19:45:00";"2021-04-04";"19:45";885;135;284;247;147;73
"2021-04-04 19:50:00";"2021-04-04";"19:50";866;128;281;239;145;74
"2021-04-04 19:55:00";"2021-04-04";"19:55";853;122;276;236;145;75
"2021-04-04 20:00:00";"2021-04-04";"20:00";830;116;262;233;142;78
"2021-04-04 20:05:00";"2021-04-04";"20:05";823;112;266;227;141;78
"2021-04-04 20:10:00";"2021-04-04";"20:10";801;109;259;218;138;78
"2021-04-04 20:15:00";"2021-04-04";"20:15";778;109;247;213;134;76
"2021-04-04 20:20:00";"2021-04-04";"20:20";768;106;245;212;132;74
"2021-04-04 20:25:00";"2021-04-04";"20:25";751;98;239;207;133;75
"2021-04-04 20:30:00";"2021-04-04";"20:30";725;92;222;206;131;75
"2021-04-04 20:35:00";"2021-04-04";"20:35";713;93;215;198;130;78
"2021-04-04 20:40:00";"2021-04-04";"20:40";706;94;211;195;129;78
"2021-04-04 20:45:00";"2021-04-04";"20:45";693;90;208;193;128;75
"2021-04-04 20:50:00";"2021-04-04";"20:50";674;85;202;188;126;74
"2021-04-04 20:55:00";"2021-04-04";"20:55";654;81;191;185;125;73
"2021-04-04 21:00:00";"2021-04-04";"21:00";637;80;180;182;123;73
"2021-04-04 21:05:00";"2021-04-04";"21:05";614;75;175;172;120;73
"2021-04-04 21:10:00";"2021-04-04";"21:10";614;79;174;170;118;74
"2021-04-04 21:15:00";"2021-04-04";"21:15";605;80;171;169;112;74
"2021-04-04 21:20:00";"2021-04-04";"21:20";584;76;163;161;111;74
"2021-04-04 21:25:00";"2021-04-04";"21:25";564;74;157;152;108;74
"2021-04-04 21:30:00";"2021-04-04";"21:30";538;66;150;148;102;73
"2021-04-04 21:35:00";"2021-04-04";"21:35";533;72;140;146;100;76
"2021-04-04 21:40:00";"2021-04-04";"21:40";519;68;134;142;101;75
"2021-04-04 21:45:00";"2021-04-04";"21:45";510;63;132;138;99;79
"2021-04-04 21:50:00";"2021-04-04";"21:50";484;59;122;130;94;80
"2021-04-04 21:55:00";"2021-04-04";"21:55";467;55;119;123;92;79
"2021-04-04 22:00:00";"2021-04-04";"22:00";449;52;110;122;89;77
"2021-04-04 22:05:00";"2021-04-04";"22:05";438;51;103;122;87;76
"2021-04-04 22:10:00";"2021-04-04";"22:10";440;54;104;123;87;73
"2021-04-04 22:15:00";"2021-04-04";"22:15";429;52;102;121;80;75
"2021-04-04 22:20:00";"2021-04-04";"22:20";405;51;94;109;77;75
"2021-04-04 22:25:00";"2021-04-04";"22:25";390;43;91;108;73;76
"2021-04-04 22:30:00";"2021-04-04";"22:30";384;41;86;107;73;78
"2021-04-04 22:35:00";"2021-04-04";"22:35";371;45;81;98;70;78
"2021-04-04 22:40:00";"2021-04-04";"22:40";359;44;77;96;67;77
"2021-04-04 22:45:00";"2021-04-04";"22:45";350;45;78;89;63;77
"2021-04-04 22:50:00";"2021-04-04";"22:50";337;45;72;87;59;76
"2021-04-04 22:55:00";"2021-04-04";"22:55";321;47;61;83;57;75
"2021-04-04 23:00:00";"2021-04-04";"23:00";301;40;57;76;55;75
"2021-04-04 23:05:00";"2021-04-04";"23:05";290;38;55;70;54;75
"2021-04-04 23:10:00";"2021-04-04";"23:10";291;41;54;71;53;74
"2021-04-04 23:15:00";"2021-04-04";"23:15";276;37;48;68;51;74
"2021-04-04 23:20:00";"2021-04-04";"23:20";261;33;45;63;49;73
"2021-04-04 23:25:00";"2021-04-04";"23:25";253;32;46;58;48;71
"2021-04-04 23:30:00";"2021-04-04";"23:30";247;32;41;57;47;72
"2021-04-04 23:35:00";"2021-04-04";"23:35";239;32;38;54;46;71
"2021-04-04 23:40:00";"2021-04-04";"23:40";233;30;36;52;44;73
"2021-04-04 23:45:00";"2021-04-04";"23:45";222;26;33;50;42;73
"2021-04-04 23:50:00";"2021-04-04";"23:50";217;28;33;45;42;71
"2021-04-04 23:55:00";"2021-04-04";"23:55";214;28;34;43;41;70
"2021-04-05 00:00:00";"2021-04-05";"00:00";NA;NA;NA;NA;NA;NA
"2021-04-05 00:05:00";"2021-04-05";"00:05";119;14;2;1;32;72
"2021-04-05 00:10:00";"2021-04-05";"00:10";120;14;3;1;31;73
"2021-04-05 00:15:00";"2021-04-05";"00:15";119;13;3;4;28;73
"2021-04-05 00:20:00";"2021-04-05";"00:20";119;14;4;4;27;72
"2021-04-05 00:25:00";"2021-04-05";"00:25";117;16;3;4;24;72
"2021-04-05 00:30:00";"2021-04-05";"00:30";116;17;4;3;24;70
"2021-04-05 00:35:00";"2021-04-05";"00:35";118;16;4;6;24;70
"2021-04-05 00:40:00";"2021-04-05";"00:40";110;16;4;5;20;67
"2021-04-05 00:45:00";"2021-04-05";"00:45";116;16;6;9;20;67
"2021-04-05 00:50:00";"2021-04-05";"00:50";115;16;7;10;18;66
"2021-04-05 00:55:00";"2021-04-05";"00:55";112;15;8;9;17;65
"2021-04-05 01:00:00";"2021-04-05";"01:00";106;15;6;9;15;63
"2021-04-05 01:05:00";"2021-04-05";"01:05";106;14;5;11;13;65
"2021-04-05 01:10:00";"2021-04-05";"01:10";104;14;6;11;11;64
"2021-04-05 01:15:00";"2021-04-05";"01:15";101;14;5;12;10;62
"2021-04-05 01:20:00";"2021-04-05";"01:20";99;16;5;11;10;59
"2021-04-05 01:25:00";"2021-04-05";"01:25";97;15;5;10;11;58
"2021-04-05 01:30:00";"2021-04-05";"01:30";97;15;5;11;10;58
"2021-04-05 01:35:00";"2021-04-05";"01:35";100;16;6;11;10;59
"2021-04-05 01:40:00";"2021-04-05";"01:40";97;15;6;10;10;58
"2021-04-05 01:45:00";"2021-04-05";"01:45";29;7;0;0;1;22
"2021-04-05 01:50:00";"2021-04-05";"01:50";32;8;0;0;1;24
"2021-04-05 01:55:00";"2021-04-05";"01:55";33;7;0;0;1;26
"2021-04-05 02:00:00";"2021-04-05";"02:00";29;6;0;0;1;23
"2021-04-05 02:05:00";"2021-04-05";"02:05";38;8;1;0;1;30
"2021-04-05 02:10:00";"2021-04-05";"02:10";42;8;1;0;1;34
"2021-04-05 02:15:00";"2021-04-05";"02:15";37;8;0;0;1;29
"2021-04-05 02:20:00";"2021-04-05";"02:20";37;6;0;0;0;31
"2021-04-05 02:25:00";"2021-04-05";"02:25";31;6;0;0;1;25
"2021-04-05 02:30:00";"2021-04-05";"02:30";27;4;0;0;1;23
"2021-04-05 02:35:00";"2021-04-05";"02:35";37;7;1;0;1;30
"2021-04-05 02:40:00";"2021-04-05";"02:40";30;7;1;0;1;23
"2021-04-05 02:45:00";"2021-04-05";"02:45";25;6;0;0;1;19
"2021-04-05 02:50:00";"2021-04-05";"02:50";30;7;0;0;1;23
"2021-04-05 02:55:00";"2021-04-05";"02:55";26;5;0;0;1;21
"2021-04-05 03:00:00";"2021-04-05";"03:00";NA;NA;NA;NA;NA;NA
"2021-04-05 03:05:00";"2021-04-05";"03:05";NA;NA;NA;NA;NA;NA
"2021-04-05 03:10:00";"2021-04-05";"03:10";NA;NA;NA;NA;NA;NA
"2021-04-05 03:15:00";"2021-04-05";"03:15";151;17;19;35;17;65
"2021-04-05 03:20:00";"2021-04-05";"03:20";160;16;20;35;23;68
"2021-04-05 03:25:00";"2021-04-05";"03:25";165;19;20;33;27;68
"2021-04-05 03:30:00";"2021-04-05";"03:30";182;19;24;38;32;71
"2021-04-05 03:35:00";"2021-04-05";"03:35";211;20;33;45;41;74
"2021-04-05 03:40:00";"2021-04-05";"03:40";229;23;38;49;46;75
"2021-04-05 03:45:00";"2021-04-05";"03:45";254;24;51;52;50;79
"2021-04-05 03:50:00";"2021-04-05";"03:50";283;24;67;57;57;80
"2021-04-05 03:55:00";"2021-04-05";"03:55";303;24;77;61;63;80
"2021-04-05 04:00:00";"2021-04-05";"04:00";341;28;87;65;81;82
"2021-04-05 04:05:00";"2021-04-05";"04:05";391;42;102;81;86;82
"2021-04-05 04:10:00";"2021-04-05";"04:10";435;48;119;92;94;84
"2021-04-05 04:15:00";"2021-04-05";"04:15";478;53;142;98;100;87
"2021-04-05 04:20:00";"2021-04-05";"04:20";532;72;157;111;105;89
"2021-04-05 04:25:00";"2021-04-05";"04:25";573;77;170;124;114;90
"2021-04-05 04:30:00";"2021-04-05";"04:30";636;94;187;139;125;93
"2021-04-05 04:35:00";"2021-04-05";"04:35";705;108;218;149;137;95
"2021-04-05 04:40:00";"2021-04-05";"04:40";761;117;237;160;152;97
"2021-04-05 04:45:00";"2021-04-05";"04:45";824;125;263;172;168;98
"2021-04-05 04:50:00";"2021-04-05";"04:50";897;137;290;191;179;102
"2021-04-05 04:55:00";"2021-04-05";"04:55";968;152;323;203;189;103
"2021-04-05 05:00:00";"2021-04-05";"05:00";1041;166;343;225;206;103
"2021-04-05 05:05:00";"2021-04-05";"05:05";1135;191;371;247;226;101
"2021-04-05 05:10:00";"2021-04-05";"05:10";1207;200;406;266;234;102
"2021-04-05 05:15:00";"2021-04-05";"05:15";1303;217;445;282;253;107
"2021-04-05 05:20:00";"2021-04-05";"05:20";1374;237;471;294;265;108
"2021-04-05 05:25:00";"2021-04-05";"05:25";1443;246;492;319;278;109
"2021-04-05 05:30:00";"2021-04-05";"05:30";1522;257;527;338;289;112
"2021-04-05 05:35:00";"2021-04-05";"05:35";1589;263;547;361;304;115
"2021-04-05 05:40:00";"2021-04-05";"05:40";1639;270;567;372;314;117
"2021-04-05 05:45:00";"2021-04-05";"05:45";1711;284;590;396;324;118
"2021-04-05 05:50:00";"2021-04-05";"05:50";1766;297;609;410;332;119
"2021-04-05 05:55:00";"2021-04-05";"05:55";1823;297;633;433;341;120
"2021-04-05 06:00:00";"2021-04-05";"06:00";1866;304;646;447;348;122
"2021-04-05 06:05:00";"2021-04-05";"06:05";1914;305;667;462;358;123
"2021-04-05 06:10:00";"2021-04-05";"06:10";1957;309;688;483;356;122
"2021-04-05 06:15:00";"2021-04-05";"06:15";2000;316;710;494;357;124
"2021-04-05 06:20:00";"2021-04-05";"06:20";2040;323;723;503;367;125
"2021-04-05 06:25:00";"2021-04-05";"06:25";2077;328;737;519;369;126
"2021-04-05 06:30:00";"2021-04-05";"06:30";2102;329;752;529;368;126
"2021-04-05 06:35:00";"2021-04-05";"06:35";2135;336;766;536;373;126
"2021-04-05 06:40:00";"2021-04-05";"06:40";2167;342;780;546;373;128
"2021-04-05 06:45:00";"2021-04-05";"06:45";2184;343;787;550;379;127
"2021-04-05 06:50:00";"2021-04-05";"06:50";2210;347;798;562;378;127
"2021-04-05 06:55:00";"2021-04-05";"06:55";2234;353;800;571;384;128
"2021-04-05 07:00:00";"2021-04-05";"07:00";2243;352;806;575;384;128
"2021-04-05 07:05:00";"2021-04-05";"07:05";2251;352;812;575;386;128
"2021-04-05 07:10:00";"2021-04-05";"07:10";2251;351;811;574;389;128
"2021-04-05 07:15:00";"2021-04-05";"07:15";2259;351;815;577;388;130
"2021-04-05 07:20:00";"2021-04-05";"07:20";2274;353;820;588;386;129
"2021-04-05 07:25:00";"2021-04-05";"07:25";2276;357;810;587;393;131
"2021-04-05 07:30:00";"2021-04-05";"07:30";2288;356;815;593;396;130
"2021-04-05 07:35:00";"2021-04-05";"07:35";2289;359;818;589;393;132
"2021-04-05 07:40:00";"2021-04-05";"07:40";2286;357;820;586;393;132
"2021-04-05 07:45:00";"2021-04-05";"07:45";2283;360;818;586;390;131
"2021-04-05 07:50:00";"2021-04-05";"07:50";2288;362;826;583;390;130
"2021-04-05 07:55:00";"2021-04-05";"07:55";2285;358;828;584;388;130
"2021-04-05 08:00:00";"2021-04-05";"08:00";2276;356;824;578;391;130
"2021-04-05 08:05:00";"2021-04-05";"08:05";2288;357;828;581;394;131
"2021-04-05 08:10:00";"2021-04-05";"08:10";2289;358;834;575;396;129
"2021-04-05 08:15:00";"2021-04-05";"08:15";2284;365;827;576;391;128
"2021-04-05 08:20:00";"2021-04-05";"08:20";2285;364;836;575;389;124
"2021-04-05 08:25:00";"2021-04-05";"08:25";2289;360;839;577;388;128
"2021-04-05 08:30:00";"2021-04-05";"08:30";2268;360;831;573;382;125
"2021-04-05 08:35:00";"2021-04-05";"08:35";2281;360;841;575;382;126
"2021-04-05 08:40:00";"2021-04-05";"08:40";2287;364;844;568;388;126
"2021-04-05 08:45:00";"2021-04-05";"08:45";2281;364;846;561;388;125
"2021-04-05 08:50:00";"2021-04-05";"08:50";2276;363;849;563;384;120
"2021-04-05 08:55:00";"2021-04-05";"08:55";2265;362;845;565;379;117
"2021-04-05 09:00:00";"2021-04-05";"09:00";2265;362;840;564;380;120
"2021-04-05 09:05:00";"2021-04-05";"09:05";2275;360;850;567;381;120
"2021-04-05 09:10:00";"2021-04-05";"09:10";2258;358;845;562;379;116
"2021-04-05 09:15:00";"2021-04-05";"09:15";2260;360;848;559;380;116
"2021-04-05 09:20:00";"2021-04-05";"09:20";2271;361;850;564;382;117
"2021-04-05 09:25:00";"2021-04-05";"09:25";2266;366;842;568;375;118
"2021-04-05 09:30:00";"2021-04-05";"09:30";2265;362;840;567;381;118
"2021-04-05 09:35:00";"2021-04-05";"09:35";2262;361;845;557;383;117
"2021-04-05 09:40:00";"2021-04-05";"09:40";2248;358;840;552;383;116
"2021-04-05 09:45:00";"2021-04-05";"09:45";2232;361;840;540;375;117
"2021-04-05 09:50:00";"2021-04-05";"09:50";2243;356;843;554;371;120
"2021-04-05 09:55:00";"2021-04-05";"09:55";2230;361;832;553;366;119
"2021-04-05 10:00:00";"2021-04-05";"10:00";2223;350;836;556;367;115
"2021-04-05 10:05:00";"2021-04-05";"10:05";2229;349;838;554;370;119
"2021-04-05 10:10:00";"2021-04-05";"10:10";2210;348;830;549;372;112
"2021-04-05 10:15:00";"2021-04-05";"10:15";2199;344;829;544;370;113
"2021-04-05 10:20:00";"2021-04-05";"10:20";2199;348;833;541;365;113
"2021-04-05 10:25:00";"2021-04-05";"10:25";2204;352;829;547;363;114
"2021-04-05 10:30:00";"2021-04-05";"10:30";2209;349;827;553;367;114
"2021-04-05 10:35:00";"2021-04-05";"10:35";2201;343;837;547;364;112
"2021-04-05 10:40:00";"2021-04-05";"10:40";2188;343;828;545;363;111
"2021-04-05 10:45:00";"2021-04-05";"10:45";2194;345;828;547;363;113
"2021-04-05 10:50:00";"2021-04-05";"10:50";2194;350;827;548;360;111
"2021-04-05 10:55:00";"2021-04-05";"10:55";2177;341;823;545;360;110
"2021-04-05 11:00:00";"2021-04-05";"11:00";2190;346;827;543;366;111
"2021-04-05 11:05:00";"2021-04-05";"11:05";2203;343;833;555;364;111
"2021-04-05 11:10:00";"2021-04-05";"11:10";2198;345;829;555;363;109
"2021-04-05 11:15:00";"2021-04-05";"11:15";2199;346;830;552;362;112
"2021-04-05 11:20:00";"2021-04-05";"11:20";2194;345;832;552;357;111
"2021-04-05 11:25:00";"2021-04-05";"11:25";2187;339;834;549;354;113
"2021-04-05 11:30:00";"2021-04-05";"11:30";2175;334;824;547;360;111
"2021-04-05 11:35:00";"2021-04-05";"11:35";2193;337;828;553;365;112
"2021-04-05 11:40:00";"2021-04-05";"11:40";2191;345;825;550;359;113
"2021-04-05 11:45:00";"2021-04-05";"11:45";2183;344;824;547;358;112
"2021-04-05 11:50:00";"2021-04-05";"11:50";2179;346;816;551;357;111
"2021-04-05 11:55:00";"2021-04-05";"11:55";2169;345;813;541;359;114
"2021-04-05 12:00:00";"2021-04-05";"12:00";2181;342;817;543;367;114
"2021-04-05 12:05:00";"2021-04-05";"12:05";2199;341;825;553;369;114
"2021-04-05 12:10:00";"2021-04-05";"12:10";2208;350;822;549;376;114
"2021-04-05 12:15:00";"2021-04-05";"12:15";2187;346;813;545;372;114
"2021-04-05 12:20:00";"2021-04-05";"12:20";2184;343;817;547;368;112
"2021-04-05 12:25:00";"2021-04-05";"12:25";2169;340;816;538;366;112
"2021-04-05 12:30:00";"2021-04-05";"12:30";2170;339;816;543;365;110
"2021-04-05 12:35:00";"2021-04-05";"12:35";2170;334;815;546;368;110
"2021-04-05 12:40:00";"2021-04-05";"12:40";2155;335;807;538;367;111
"2021-04-05 12:45:00";"2021-04-05";"12:45";2158;341;802;540;367;111
"2021-04-05 12:50:00";"2021-04-05";"12:50";2151;337;804;537;365;111
"2021-04-05 12:55:00";"2021-04-05";"12:55";2139;339;796;531;366;110
"2021-04-05 13:00:00";"2021-04-05";"13:00";2131;335;796;530;365;108
"2021-04-05 13:05:00";"2021-04-05";"13:05";2129;326;804;531;366;105
"2021-04-05 13:10:00";"2021-04-05";"13:10";2137;334;801;531;370;104
"2021-04-05 13:15:00";"2021-04-05";"13:15";2124;336;794;528;366;103
"2021-04-05 13:20:00";"2021-04-05";"13:20";2136;335;793;532;372;107
"2021-04-05 13:25:00";"2021-04-05";"13:25";2129;340;785;529;372;106
"2021-04-05 13:30:00";"2021-04-05";"13:30";2121;329;783;531;376;105
"2021-04-05 13:35:00";"2021-04-05";"13:35";2120;326;783;530;378;106
"2021-04-05 13:40:00";"2021-04-05";"13:40";2118;330;782;525;376;108
"2021-04-05 13:45:00";"2021-04-05";"13:45";2122;335;784;524;375;107
"2021-04-05 13:50:00";"2021-04-05";"13:50";2137;341;790;524;379;107
"2021-04-05 13:55:00";"2021-04-05";"13:55";2147;336;803;519;386;107
"2021-04-05 14:00:00";"2021-04-05";"14:00";2154;330;801;528;393;106
"2021-04-05 14:05:00";"2021-04-05";"14:05";2150;332;796;530;388;108
"2021-04-05 14:10:00";"2021-04-05";"14:10";2152;337;799;529;385;106
"2021-04-05 14:15:00";"2021-04-05";"14:15";2148;337;804;527;378;106
"2021-04-05 14:20:00";"2021-04-05";"14:20";2140;340;800;524;374;106
"2021-04-05 14:25:00";"2021-04-05";"14:25";2147;337;805;527;376;105
"2021-04-05 14:30:00";"2021-04-05";"14:30";2153;343;801;533;375;105
"2021-04-05 14:35:00";"2021-04-05";"14:35";2168;347;806;537;379;103
"2021-04-05 14:40:00";"2021-04-05";"14:40";2152;348;800;525;379;102
"2021-04-05 14:45:00";"2021-04-05";"14:45";2140;339;804;522;377;102
"2021-04-05 14:50:00";"2021-04-05";"14:50";2148;342;803;529;375;103
"2021-04-05 14:55:00";"2021-04-05";"14:55";2155;344;806;531;372;106
"2021-04-05 15:00:00";"2021-04-05";"15:00";2174;352;810;533;377;106
"2021-04-05 15:05:00";"2021-04-05";"15:05";2191;354;819;536;380;106
"2021-04-05 15:10:00";"2021-04-05";"15:10";2177;352;807;532;381;108
"2021-04-05 15:15:00";"2021-04-05";"15:15";2186;349;807;540;383;109
"2021-04-05 15:20:00";"2021-04-05";"15:20";2187;351;803;547;378;110
"2021-04-05 15:25:00";"2021-04-05";"15:25";2204;351;813;545;386;111
"2021-04-05 15:30:00";"2021-04-05";"15:30";2223;353;813;560;388;113
"2021-04-05 15:35:00";"2021-04-05";"15:35";2220;352;812;556;390;114
"2021-04-05 15:40:00";"2021-04-05";"15:40";2200;351;803;551;386;113
"2021-04-05 15:45:00";"2021-04-05";"15:45";2208;348;801;562;386;115
"2021-04-05 15:50:00";"2021-04-05";"15:50";2215;354;802;565;383;115
"2021-04-05 15:55:00";"2021-04-05";"15:55";2221;351;806;568;382;118
"2021-04-05 16:00:00";"2021-04-05";"16:00";2220;347;800;573;384;119
"2021-04-05 16:05:00";"2021-04-05";"16:05";2246;355;806;581;387;120
"2021-04-05 16:10:00";"2021-04-05";"16:10";2250;350;809;583;390;121
"2021-04-05 16:15:00";"2021-04-05";"16:15";2243;345;812;581;388;120
"2021-04-05 16:20:00";"2021-04-05";"16:20";2252;347;811;586;390;121
"2021-04-05 16:25:00";"2021-04-05";"16:25";2255;348;816;587;385;122
"2021-04-05 16:30:00";"2021-04-05";"16:30";2261;347;812;593;388;123
"2021-04-05 16:35:00";"2021-04-05";"16:35";2243;341;807;591;383;123
"2021-04-05 16:40:00";"2021-04-05";"16:40";2238;341;804;591;380;124
"2021-04-05 16:45:00";"2021-04-05";"16:45";2237;337;807;592;380;123
"2021-04-05 16:50:00";"2021-04-05";"16:50";2239;333;810;595;379;124
"2021-04-05 16:55:00";"2021-04-05";"16:55";2240;338;816;588;377;123
"2021-04-05 17:00:00";"2021-04-05";"17:00";2242;335;814;599;375;121
"2021-04-05 17:05:00";"2021-04-05";"17:05";2237;338;813;593;371;124
"2021-04-05 17:10:00";"2021-04-05";"17:10";2239;337;807;596;376;125
"2021-04-05 17:15:00";"2021-04-05";"17:15";2233;335;800;594;379;127
"2021-04-05 17:20:00";"2021-04-05";"17:20";2233;337;803;594;377;125
"2021-04-05 17:25:00";"2021-04-05";"17:25";2229;331;805;593;377;126
"2021-04-05 17:30:00";"2021-04-05";"17:30";2218;328;793;592;379;128
"2021-04-05 17:35:00";"2021-04-05";"17:35";2214;330;792;592;377;125
"2021-04-05 17:40:00";"2021-04-05";"17:40";2215;324;795;596;376;126
"2021-04-05 17:45:00";"2021-04-05";"17:45";2221;319;803;600;377;124
"2021-04-05 17:50:00";"2021-04-05";"17:50";2217;322;803;595;374;125
"2021-04-05 17:55:00";"2021-04-05";"17:55";2218;320;800;600;374;126
"2021-04-05 18:00:00";"2021-04-05";"18:00";2211;318;800;598;372;125
"2021-04-05 18:05:00";"2021-04-05";"18:05";2207;315;797;597;374;126
"2021-04-05 18:10:00";"2021-04-05";"18:10";2190;310;787;598;369;128
"2021-04-05 18:15:00";"2021-04-05";"18:15";2183;306;793;590;369;127
"2021-04-05 18:20:00";"2021-04-05";"18:20";2180;304;795;590;367;126
"2021-04-05 18:25:00";"2021-04-05";"18:25";2174;299;790;592;369;126
"2021-04-05 18:30:00";"2021-04-05";"18:30";2150;294;775;588;369;126
"2021-04-05 18:35:00";"2021-04-05";"18:35";2154;296;778;589;368;125
"2021-04-05 18:40:00";"2021-04-05";"18:40";2146;296;777;587;365;123
"2021-04-05 18:45:00";"2021-04-05";"18:45";2141;296;772;586;365;124
"2021-04-05 18:50:00";"2021-04-05";"18:50";2119;298;758;580;363;122
"2021-04-05 18:55:00";"2021-04-05";"18:55";2105;294;748;578;363;124
"2021-04-05 19:00:00";"2021-04-05";"19:00";2074;284;735;571;364;122
"2021-04-05 19:05:00";"2021-04-05";"19:05";2061;279;734;564;366;120
"2021-04-05 19:10:00";"2021-04-05";"19:10";2047;279;725;564;362;119
"2021-04-05 19:15:00";"2021-04-05";"19:15";2025;272;723;551;361;120
"2021-04-05 19:20:00";"2021-04-05";"19:20";1990;265;704;548;356;119
"2021-04-05 19:25:00";"2021-04-05";"19:25";1982;267;698;539;362;118
"2021-04-05 19:30:00";"2021-04-05";"19:30";1946;257;688;525;361;117
"2021-04-05 19:35:00";"2021-04-05";"19:35";1926;253;674;527;354;120
"2021-04-05 19:40:00";"2021-04-05";"19:40";1883;257;660;505;346;117
"2021-04-05 19:45:00";"2021-04-05";"19:45";1845;250;653;490;339;115
"2021-04-05 19:50:00";"2021-04-05";"19:50";1821;251;651;477;332;112
"2021-04-05 19:55:00";"2021-04-05";"19:55";1791;244;635;473;327;114
"2021-04-05 20:00:00";"2021-04-05";"20:00";1760;236;617;464;332;113
